Region,Speaker,Time,POS,VowelInWord,CoArtContext,Stress,VowelType,Duration,F1,F2,F3
South,WT_1,00:02,N,d(@)vani,d_v,pre,2,81,623,1599,3020
South,WT_1,00:08,D,ndreag(@),g_n,post,2,40,713,2187,2874
South,WT_1,00:10,V,d(@),d_L,yes,2,71,631,2015,2879
South,WT_1,00:15,C,k(@),k_i,no,2,36,482,2347,2767
South,WT_1,00:17,N,g(@)rtseask@,g_r,pre,2,90,467,1564,2898
South,WT_1,00:18,N,g@rtseask(@),k_$,post,2,102,575,2193,2762
South,WT_1,00:18,V,d(@),d_L,yes,2,111,631,2035,2764
South,WT_1,00:19,V,d(@),d_L,yes,2,121,642,2002,2893
South,WT_1,00:19,V,d(@),d_L,yes,2,126,533,1772,2284
South,WT_1,00:19,V,d(@),d_L,yes,2,100,613,1517,2289
South,WT_1,00:20,D,vrn(@),n_dz,post,2,70,439,1507,2670
South,WT_1,00:21,N,dz(@)li,dz_l,yes,1,95,570,1923,2432
South,WT_1,00:21,V,ark(@)m,k_m,yes,2,53,627,1878,3072
South,WT_1,00:22,N,TiJam(@),m_T,post,2,57,651,1923,3256
South,WT_1,00:26,V,alas(@),s_a,post,2,53,662,1917,2369
South,WT_1,00:27,V,nik(@),k_u,yes,2,73,589,1886,2938
South,WT_1,00:29,V,nik(@),k_$,yes,2,150,530,1954,3059
South,WT_1,00:34,V,nik(@),k_$,yes,2,213,627,1886,3159
South,WT_1,00:36,V,adr(@),r_$,yes,2,241,506,1829,2990
South,WT_1,00:38,V,adr(@),r_$,yes,2,149,602,1862,3093
South,WT_1,00:39,P,n(@),n_dz,pre,2,115,462,1686,2737
South,WT_1,00:39,V,dz(@)si,dz_s,yes,1,82,536,2056,2897
South,WT_1,00:43,V,dz(@)tsi,dz_ts,yes,1,106,431,1945,2922
South,WT_1,00:45,V,dz(@)si,dz_s,yes,1,35,426,2080,2925
South,WT_1,00:46,N,soakr(@),r_m,post,2,37,422,1925,2576
South,WT_1,00:48,V,t(@)Lats,t_L,pre,2,69,451,2236,2914
South,WT_1,00:49,V,dz(@)tsi,dz_ts,yes,1,90,393,2108,2480
South,WT_1,00:49,C,k(@),k_$,yes,2,395,588,1651,3187
South,WT_1,00:50,V,dz(@)tsi,dz_ts,yes,1,66,415,2023,2310
South,WT_1,00:54,R,akas(@),s_s,post,2,44,299,1799,3159
South,WT_1,00:54,N,soakr(@),r_m,post,2,37,508,2023,2670
South,WT_1,00:55,V,dz(@)tsi,dz_ts,yes,1,94,437,1861,2656
South,WT_1,00:56,P,(@)J,^_J,pre,1,81,521,2251,3157
South,WT_1,00:56,V,dz(@)si,dz_s,yes,1,92,501,2021,3208
South,WT_1,00:58,V,t(@)Lem,t_L,pre,2,60,428,2170,3088
South,WT_1,00:58,R,TCam(@),m_l,post,2,30,441,1889,2132
South,WT_1,00:59,V,t(@)Lem,t_L,pre,2,61,614,2093,2938
South,WT_1,01:01,V,t(@)Lem,t_L,pre,2,68,459,2074,2987
South,WT_1,01:03,V,t(@)Lem,t_L,pre,2,65,435,2386,3039
South,WT_1,01:04,V,b(@)g@m,b_g,pre,2,70,391,1644,3207
South,WT_1,01:04,V,b@g(@)m,g_m,yes,2,73,488,1995,3085
South,WT_1,01:04,V,b(@)g@m,b_g,pre,2,44,318,1465,3051
South,WT_1,01:04,V,b@g(@)m,g_m,yes,2,49,441,1155,2918
South,WT_1,01:06,V,t(@)Le,t_L,pre,2,76,390,2259,2721
South,WT_1,01:07,N,b(@)rba,b_r,pre,2,45,494,1507,2583
South,WT_1,01:11,V,dz(@)tsi,dz_ts,yes,1,105,441,2047,2920
South,WT_1,01:13,C,S(@),S_$,yes,1,403,596,1798,2883
South,WT_1,01:14,V,lig(@)m,g_m,yes,2,88,585,1770,2965
South,WT_1,01:15,P,n(@),n_ts,pre,2,83,375,2063,3126
South,WT_1,01:17,V,dz(@)S,dz_S,yes,1,40,432,1930,3279
South,WT_1,01:21,N,m(@)n@,m_n,yes,1,72,511,1887,2601
South,WT_1,01:21,N,m@n(@),n_i,post,2,75,361,2265,3046
South,WT_1,01:23,C,S(@),S_s,yes,1,254,434,1699,2970
South,WT_1,01:26,N,maik(@),k_$,post,2,134,679,1939,3135
South,WT_1,01:27,V,b(@)gai,b_g,pre,2,45,496,1552,3074
South,WT_1,01:29,V,f(@)tsea,f_ts,pre,2,50,442,1583,2807
South,WT_1,01:34,V,S(@)deam,S_d,pre,2,62,483,2004,2934
South,WT_1,01:35,A,broast(@),t_n,post,2,70,756,2062,2974
South,WT_1,01:35,V,g(@)rea,g_r,pre,2,78,667,2213,2963
South,WT_1,01:43,N,b(@)rba,b_r,pre,2,43,559,1501,2749
South,WT_1,01:45,T,un(@),n_m,post,2,37,419,1084,2471
South,WT_1,01:48,N,g(@)rdin,g_r,pre,2,42,435,2041,2911
South,WT_1,01:49,C,S(@),S_$,yes,1,309,514,1734,3086
South,WT_1,01:49,P,n(@)s@,n_s,yes,2,82,488,1639,2772
South,WT_1,01:50,P,n@s(@),s_s,post,2,54,428,1834,2696
South,WT_1,01:50,V,p(@)r@Gursea,p_r,no,2,44,596,1324,2565
South,WT_1,01:50,V,p@r(@)Gursea,r_G,no,2,65,443,1497,2464
South,WT_1,01:51,V,p(@)r@Gurseam,p_r,no,2,39,554,1304,2594
South,WT_1,01:51,V,p@r(@)Gurseam,r_G,no,2,44,436,1583,2523
South,WT_1,01:52,P,n(@)s@,n_s,yes,2,131,609,1824,3128
South,WT_1,01:52,P,n@s(@),s_$,post,2,48,597,1723,3300
South,WT_1,01:55,V,b(@)gamu,b_g,pre,2,95,461,1727,2443
South,WT_1,02:07,P,(@)L,e_L,pre,1,40,423,2452,2732
South,WT_1,02:08,V,dz(@)Su,dz_S,yes,1,86,607,1821,3023
South,WT_1,02:08,N,b(@)rba,b_r,pre,2,41,523,1565,2275
South,WT_1,02:10,R,k(@)tse,k_ts,pre,2,46,383,2301,3210
South,WT_1,02:12,V,S(@)d,S_d,yes,2,140,501,1645,2965
South,WT_1,02:15,R,k(@)tse,k_ts,pre,2,57,711,1844,2970
South,WT_1,02:16,V,dz(@)si,dz_s,yes,1,55,427,1957,3175
South,WT_1,02:16,V,ak(@)ts@,k_ts,pre,2,81,403,2101,3150
South,WT_1,02:16,V,ak@ts(@),ts_l,yes,2,89,579,1939,3090
South,WT_1,02:18,V,dz(@)S,dz_S,yes,1,32,428,1653,3217
South,WT_1,02:19,V,bag(@),g_m,post,2,44,441,1503,2809
South,WT_1,02:19,N,m(@)na,m_n,yes,1,53,494,1629,3191
South,WT_1,02:19,V,dz(@)Su,dz_S,yes,1,64,437,1615,3053
South,WT_1,02:22,V,toarn(@),n_t,post,2,82,500,1846,2804
South,WT_1,02:29,V,agudeask(@),k_ts,post,2,72,379,2152,2847
South,WT_1,02:30,V,d(@),d_L,yes,2,142,667,1804,2900
South,WT_1,02:37,V,dz(@)tsi,dz_ts,yes,1,88,455,1992,2928
South,WT_1,02:39,N,nveast(@),t_i,post,2,80,584,2107,3172
South,WT_1,02:40,N,b(@)rba,b_r,pre,2,51,541,1509,2608
South,WT_1,02:41,N,soakr(@),r_m,post,2,33,342,2003,2547
South,WT_1,02:42,N,nveast(@),t_dz,post,2,94,485,1368,2576
South,WT_1,02:43,V,dz(@)tsi,dz_ts,yes,1,38,419,2046,2610
South,WT_1,02:44,N,p(@)r@Gurii,p_r,no,2,50,478,1306,2632
South,WT_1,02:44,N,p@r(@)Gurii,r_G,no,2,80,407,1355,2558
South,WT_1,02:45,V,dz(@)tsi,dz_ts,yes,1,90,403,2017,2585
South,WT_1,02:54,V,dz(@)tsi,dz_ts,yes,1,89,399,1974,3201
South,WT_1,02:56,V,dz(@)tsi,dz_ts,yes,1,77,428,1829,2140
South,WT_1,02:56,V,dz(@)tsi,dz_ts,yes,1,78,419,2047,3327
South,WT_1,03:00,V,ar(@)dea,r_d,pre,1,85,512,1866,3027
South,WT_1,03:09,N,soakr(@),r_m,post,2,39,376,1761,2405
South,WT_1,03:09,V,dz(@)S,dz_S,yes,1,86,404,2201,2827
South,WT_1,03:11,V,dz(@)tsi,dz_ts,yes,1,72,404,1979,3512
South,WT_1,03:11,V,b(@)gaS,b_g,pre,2,76,527,1665,2731
South,WT_1,03:12,V,dz(@)tsi,dz_ts,yes,1,69,353,2005,3258
South,WT_1,03:12,N,s(@)r@ndar,s_r,no,2,73,540,1769,3123
South,WT_1,03:13,N,s@r(@)ndar,r_n,pre,2,93,515,1558,3044
South,WT_1,03:13,V,dz(@)tsi,dz_ts,yes,1,75,416,1914,3484
South,WT_1,03:14,V,b(@)gaS,b_g,pre,2,64,506,1813,3267
South,WT_1,03:14,V,dz(@)tsi,dz_ts,yes,1,94,366,2032,3351
South,WT_1,03:17,N,x(@)r,x_r,yes,1,128,446,1915,3070
South,WT_1,03:17,V,dz(@)tsi,dz_ts,yes,1,75,397,1942,3347
South,WT_1,03:18,R,aS(@),S_S,yes,1,70,403,1820,2711
South,WT_1,03:18,R,aS(@),S_n,yes,1,105,466,1688,2894
South,WT_1,03:19,V,dz(@)tsi,dz_ts,yes,1,61,395,2026,3374
South,WT_1,03:21,V,dz(@)tsi,dz_ts,yes,1,83,452,2004,2983
South,WT_1,03:24,V,dz(@)tsi,dz_ts,yes,1,114,466,1911,3235
South,WT_1,03:27,V,dz(@)si,dz_s,yes,1,62,452,1973,3008
South,WT_1,03:27,P,n(@)s@,n_s,yes,2,111,563,1888,3245
South,WT_1,03:27,P,n@s(@),s_$,post,2,140,496,1474,2933
South,WT_1,03:29,A,Triskeftikoas(@),s_l,post,2,40,378,1858,3077
South,WT_1,03:30,V,dz(@)tsi,dz_ts,yes,1,88,465,1980,3440
South,WT_1,03:34,N,k(@)p@rli,k_p,yes,2,112,577,1710,2842
South,WT_1,03:34,N,k@p(@)rli,p_r,post,2,48,479,1489,2552
South,WT_1,03:38,V,dz(@)S,dz_S,yes,1,61,330,1766,2827
South,WT_1,03:39,N,ghr(@)tseask@,r_ts,pre,2,93,449,1847,2818
South,WT_1,03:39,N,ghr@tseask(@),k_d,post,2,66,415,1869,3133
South,WT_1,03:44,V,alin(@),n_$,yes,2,234,661,1663,3274
South,WT_1,03:49,V,m(@)Ng@,m_N,yes,2,46,406,1598,3294
South,WT_1,03:49,V,m@Ng(@),g_k,post,2,90,429,1870,3243
South,WT_1,03:49,N,k(@)p@rli,k_p,yes,2,109,533,1659,2754
South,WT_1,03:49,N,k@p(@)rli,p_r,post,2,36,471,1568,2526
South,WT_1,03:52,Q,s(@),s_z,no,2,51,395,2320,3317
South,WT_1,03:53,V,zgileask(@),k_a,post,2,39,523,2166,3255
South,WT_1,03:56,N,t(@)porlu,t_p,pre,2,111,433,1565,3046
South,WT_1,03:58,V,ap(@)rtseaS,p_r,pre,2,28,483,1584,2498
South,WT_1,03:58,N,t(@)porl,t_p,pre,2,88,463,1488,2820
South,WT_1,03:58,V,p(@)rtseaSti,p_r,pre,2,37,454,1570,2414
South,WT_1,03:59,V,ap(@)rtseaSti,p_r,pre,2,46,571,1496,2588
South,WT_1,04:00,V,skoal(@),l_f,post,2,69,429,1526,2240
South,WT_1,04:02,V,dz(@)tsi,dz_ts,yes,1,97,471,1819,3134
South,WT_1,04:03,V,adun(@),n_$,post,2,178,501,1667,3187
South,WT_1,04:04,C,k(@),k_i,no,2,58,400,2099,2923
South,WT_1,04:05,V,dz(@)tsi,dz_ts,yes,1,102,384,2036,3274
South,WT_1,04:05,R,k(@)tse,k_ts,pre,2,63,232,2221,3128
South,WT_1,04:06,R,aS(@),S_S,yes,1,86,457,1698,2633
South,WT_1,04:06,R,aS(@),S_$,yes,1,169,435,1709,2958
South,WT_1,04:10,D,k(@)ts,k_ts,yes,1,81,485,1928,3051
South,WT_1,04:21,V,ak(@)ts@,k_ts,pre,2,66,428,1833,2824
South,WT_1,04:21,V,ak@ts(@),ts_a,yes,2,82,556,1831,2991
South,WT_1,04:22,V,fr(@)Ng@,r_N,yes,1,68,507,1869,2905
South,WT_1,04:22,V,fr@Ng(@),g_n,post,2,104,412,2040,2950
South,WT_1,04:24,V,fr(@)Ng@,r_N,yes,1,124,513,1855,2989
South,WT_1,04:25,V,fr@Ng(@),g_a,post,2,30,470,1746,3052
South,WT_1,04:26,V,p(@)rtseaSti,p_r,pre,2,43,458,1525,2515
South,WT_1,04:31,D,ax(@)ts,x_ts,yes,1,102,367,1990,2922
South,WT_2,00:05,R,n(@)indi,n_i,pre,2,58,583,1525,2176
South,WT_2,00:06,P,n(@),n_n,no,2,174,630,1790,3119
South,WT_2,00:10,V,al(@)ga,l_g,pre,2,68,537,1663,2691
South,WT_2,00:12,V,k(@)ndam,k_n,pre,2,49,414,1767,2521
South,WT_2,00:13,N,dzean(@),n_l,post,2,43,425,1514,2314
South,WT_2,00:13,V,nvits(@)m,ts_m,yes,2,78,645,1704,2704
South,WT_2,00:13,N,k(@)nditsli,k_n,yes,1,85,572,2183,2933
South,WT_2,00:16,A,m(@)rl,m_r,yes,2,87,661,1635,2374
South,WT_2,00:17,V,nviats(@),ts_S,post,2,36,503,1939,2819
South,WT_2,00:22,V,nvits(@)m,ts_m,yes,2,109,667,1671,2065
South,WT_2,00:22,C,k(@),k_i,no,2,57,414,1742,3097
South,WT_2,00:23,V,nviats(@),ts_k,post,2,95,658,2070,3024
South,WT_2,00:23,N,k(@)nditsl,k_n,yes,1,82,539,2097,2965
South,WT_2,00:31,V,alag(@),g_l,pre,2,48,515,1660,2331
South,WT_2,00:33,P,n(@),n_ts,pre,2,95,458,2203,2900
South,WT_2,00:37,N,xoar(@),r_a,post,2,36,743,1433,2200
South,WT_2,00:38,N,itS(@),tS_g,post,2,260,498,1751,3060
South,WT_2,00:39,N,gugutS(@),tS_n,post,2,208,472,1790,2891
South,WT_2,00:41,N,gugutS(@),tS_$,post,2,162,453,1752,2713
South,WT_2,00:45,N,k(@)laTa,k_l,pre,2,41,682,1914,2176
South,WT_2,00:46,N,k(@)laTa,k_l,pre,2,52,692,1670,2518
South,WT_2,00:48,N,k(@)laTa,k_l,pre,2,46,679,1655,2505
South,WT_2,00:51,V,duk(@),k_m,post,2,61,542,1463,2868
South,WT_2,00:54,V,dz(@)k@,dz_k,yes,1,113,481,1933,2912
South,WT_2,00:54,V,dz@k(@),k_k,post,2,147,496,1668,2898
South,WT_2,00:54,N,k(@)ndiklu,k_n,yes,1,51,434,1856,2734
South,WT_2,00:56,C,k(@),k_v,pre,2,47,284,1386,2576
South,WT_2,00:57,D,mults(@),ts_p,post,1,80,369,1433,2881
South,WT_2,01:02,N,k(@)ndiklu,k_n,yes,1,72,492,1890,2683
South,WT_2,01:11,V,k(@)nd,k_n,yes,1,96,721,1618,2435
South,WT_2,01:12,N,k(@)ndisli,k_n,yes,1,67,460,2107,2775
South,WT_2,01:15,P,l(@),l_$,no,2,283,484,1737,2578
South,WT_2,01:15,P,l(@),l_s,no,2,59,407,2215,2287
South,WT_2,01:25,C,k(@),k_a,no,2,26,577,1693,2425
South,WT_2,00:01,R,aS(@)tsi,S_ts,yes,1,140,441,2285,2813
South,WT_2,00:03,C,k(@)n,k_n,yes,1,95,480,1767,2965
South,WT_2,00:05,N,p(@)rindz@Li,p_r,pre,2,70,527,1892,3056
South,WT_2,00:06,N,p@rindz(@)Li,dz_L,post,1,110,374,2411,3080
South,WT_2,00:09,V,b(@)gam,b_g,pre,2,50,496,1277,2783
South,WT_2,00:11,N,sikar(@),r_k,post,2,110,749,1768,2775
South,WT_2,00:11,P,v(@),v_dz,pre,2,100,333,1513,3065
South,WT_2,00:11,V,dz(@)S,dz_S,yes,1,100,377,1666,2779
South,WT_2,00:15,V,b(@)gam,b_g,pre,2,103,471,1288,2758
South,WT_2,00:15,P,l(@),l_L,no,2,76,359,2408,3130
South,WT_2,00:17,V,Ng(@)rkam,g_r,pre,2,35,535,1901,2516
South,WT_2,00:20,N,xoar(@),r_$,post,2,130,682,1675,2691
South,WT_2,00:20,C,k(@),k_s,no,2,53,520,2108,2597
South,WT_2,00:21,V,triir(@)m,r_m,yes,2,145,628,1857,2706
South,WT_2,00:23,N,gr(@)nu,r_n,yes,1,78,443,1429,2371
South,WT_2,00:30,C,S(@),S_i,yes,1,100,488,1948,2838
South,WT_2,00:31,N,gr(@)nlu,r_n,yes,1,107,395,1685,2035
South,WT_2,00:35,V,ask(@)pa,k_p,pre,2,90,505,1427,2213
South,WT_2,00:37,N,k(@)rpolu,k_r,pre,2,74,645,1754,2629
South,WT_2,00:42,C,S(@),S_$,yes,1,370,396,1907,2955
South,WT_2,00:48,N,k(@)rpiloai,k_r,no,2,42,540,1964,2637
South,WT_2,00:50,C,k(@)n,k_n,yes,1,50,513,1650,3040
South,WT_2,00:52,N,gr(@)nlu,r_n,yes,1,72,473,1291,2498
South,WT_2,00:56,V,b(@)gam,b_g,pre,2,50,537,1323,2918
South,WT_2,00:57,N,pliams(@),s_$,post,2,110,537,1641,2958
South,WT_2,00:57,V,m(@)Ng@,m_N,yes,2,40,777,1509,3143
South,WT_2,00:57,V,m@Ng(@),g_p,post,2,100,556,1547,2687
South,WT_2,00:58,V,m(@)Ng@,m_N,yes,2,30,408,1133,2623
South,WT_2,00:58,V,m@Ng(@),g_k,post,2,130,524,1951,3026
South,WT_2,01:01,N,gr(@)nlu,r_n,yes,1,107,582,1839,2566
South,WT_2,01:03,P,(@)l,^_l,no,1,83,518,1043,2611
South,WT_2,01:03,V,k(@)Trsia,k_T,no,2,77,553,1627,3113
South,WT_2,01:04,V,k(@)Trsiam,k_T,no,2,95,493,1658,2797
South,WT_2,01:05,V,b(@)gam,b_g,pre,2,87,579,1329,3287
South,WT_2,01:08,C,S(@),S_s,yes,1,120,421,1674,2823
South,WT_2,01:10,P,(@)L,^_L,pre,1,98,385,2264,2862
South,WT_2,01:13,V,p(@)ltim,p_l,pre,2,87,438,1380,2905
South,WT_2,01:16,P,n(@),n_l,pre,2,120,482,1620,2206
South,WT_2,01:18,V,b(@)gam,b_g,pre,2,90,357,1472,2883
South,WT_2,01:18,N,gr(@)nlu,r_n,yes,1,85,457,1702,2622
South,WT_2,01:19,P,(@)l,i_l,no,1,30,512,2264,3053
South,WT_2,01:21,T,un(@),n_k,post,2,100,455,1856,2733
South,WT_2,01:29,P,x(@)t,x_t,yes,1,139,462,1752,2948
South,WT_2,01:31,N,sp(@)T,p_T,pre,2,74,467,1414,3223
South,WT_2,01:31,N,sp(@)T@lu,p_T,pre,2,89,467,1436,2986
South,WT_2,01:31,N,sp@T(@)lu,T_l,yes,2,143,538,1797,3110
South,WT_2,01:34,N,gr(@)nlu,r_n,yes,1,118,360,1419,2652
South,WT_2,01:35,V,b(@)g@m,b_g,pre,2,44,263,1348,2494
South,WT_2,01:35,V,b@g(@)m,g_m,yes,2,110,547,1598,2923
South,WT_2,01:38,T,un(@),n_k,post,2,190,582,1585,2870
South,WT_2,01:39,N,sp(@)T@lu,p_T,pre,2,105,461,1260,3177
South,WT_2,01:39,N,sp@T(@)lu,T_l,yes,2,177,557,1782,3191
South,WT_2,01:43,N,zivG(@)r@lu,G_r,pre,2,55,487,2027,2650
South,WT_2,01:43,N,zivG@r(@)lu,r_l,yes,2,85,521,1841,2517
South,WK_1,00:01,V,b(@)gam,b_g,pre,2,27,562,1170,2707
South,WK_1,00:02,T,un(@),n_k,post,2,53,385,1105,3056
South,WK_1,00:02,N,kufal(@),l_m,post,2,39,557,966,2951
South,WK_1,00:06,V,afl(@),l_f,post,2,35,473,1333,3071
South,WK_1,00:07,S,p(@)n,p_n,yes,1,45,483,1530,2831
South,WK_1,00:09,R,aS(@),S_u,yes,1,40,426,1644,2965
South,WK_1,00:10,R,aS(@),S_l,yes,1,64,432,1872,2917
South,WK_1,00:13,N,kufal(@),l_$,post,2,72,316,1436,2895
South,WK_1,00:14,N,kufal(@),l_L,post,2,30,588,1737,2763
South,WK_1,00:22,N,kufal(@),l_L,post,2,42,525,1868,3133
South,WK_1,00:27,N,pudridz(@)t,dz_t,yes,1,89,512,1654,3044
South,WK_1,00:27,R,aS(@),S_n,yes,1,62,517,1814,3073
South,WK_1,00:34,V,ts(@)ni,ts_n,yes,1,67,540,1964,3030
South,WK_1,00:35,N,dz(@)li,dz_l,yes,1,80,517,2039,3236
South,WK_1,00:35,V,ts(@)ni,ts_n,yes,1,70,446,2160,2727
South,WK_1,00:36,P,aest(@),t_$,post,2,34,462,2364,3028
South,WK_1,00:38,V,b(@)gam,b_g,pre,2,67,467,1212,2973
South,WK_1,00:41,N,kufal(@),l_e,post,2,47,685,1862,3055
South,WK_1,00:49,N,gr(@)n,r_n,yes,1,110,521,1657,2658
South,WK_1,00:52,R,aS(@),S_$,yes,1,200,461,1598,2721
South,WK_1,00:53,N,gr(@)nlu,r_n,yes,1,56,513,1516,2618
South,WK_1,00:55,P,n(@),n_s,no,2,31,431,1471,2952
South,WK_1,00:57,R,nafoar(@),r_S,post,2,64,556,1686,2996
South,WK_1,00:58,N,kas(@),s_$,post,2,85,422,1728,2645
South,WK_1,00:59,A,siNgur(@),r_t,no,2,130,509,1568,2915
South,WK_1,01:02,N,fiat(@),t_$,post,2,74,431,1674,2877
South,WK_1,01:03,N,kas(@),s_g,post,2,53,479,1733,2820
South,WK_1,01:04,N,gr(@)nlu,r_n,yes,1,70,520,1449,2446
South,WK_1,01:05,V,murit(@),t_$,post,2,118,310,2032,2928
South,WK_1,01:08,N,gr(@)nlu,r_n,yes,1,89,491,1265,3075
South,WK_1,01:14,V,pr(@)sk@nea,r_s,no,1,31,419,1934,3060
South,WK_1,01:14,V,pr@sk(@)nea,k_n,pre,1,37,566,1960,2850
South,WK_2,00:04,N,k(@)s,k_s,yes,2,127,495,2142,2792
South,WK_2,00:06,P,mults(@),ts_$,post,1,181,492,1576,3248
South,WK_2,00:09,N,fukurin(@),n_$,post,2,50,463,2038,3031
South,WK_2,00:11,N,gr(@)n,r_n,yes,1,73,517,2025,2895
South,WK_2,00:11,N,p(@)xnia,p_x,pre,2,58,505,1374,2348
South,WK_2,00:13,V,m(@)Nga,m_N,pre,2,47,698,1542,3629
South,WK_2,00:15,P,(@)l,^_l,no,1,58,714,1948,2818
South,WK_2,00:16,N,gr(@)n,r_n,yes,1,40,409,1869,2594
South,WK_2,00:17,V,b(@)gamu,b_g,pre,2,81,500,1466,2864
South,WK_2,00:20,N,fiat(@),t_a,post,2,25,636,1741,2902
South,WK_2,00:24,V,anv(@)rtea,v_r,pre,2,53,597,1571,2668
South,WK_2,00:25,N,gr(@)ni,r_n,yes,1,109,497,2193,2993
South,WK_2,00:26,V,aG(@)psesku,G_p,pre,2,77,501,1753,2455
South,WK_2,00:28,S,k(@)tr,k_t,yes,2,89,522,1511,2535
South,WK_2,00:28,S,k(@)tr,k_t,yes,2,77,516,1569,2377
South,WK_2,00:29,V,vur(@),r_$,post,2,85,462,1115,2348
South,WK_3,00:02,N,mum(@)JL,m_J,yes,2,72,640,2064,2960
South,WK_3,00:04,N,mum(@)JLi,m_J,yes,2,81,569,1990,2649
South,WK_3,00:05,A,m(@)ri,m_r,yes,2,174,760,2008,2992
South,WK_3,00:12,V,b(@)gam,b_g,pre,2,52,575,1322,1958
South,WK_3,00:13,N,Dik(@)ri,k_r,yes,2,245,666,1964,2897
South,WK_3,00:16,M,un(@),n_D,post,2,68,577,1775,2717
South,WK_3,00:17,N,Dikar(@),r_e,post,2,43,571,2436,2889
South,WK_3,00:17,M,dau(@),u_D,post,2,58,622,1295,1980
South,WK_3,00:18,N,Dik(@)ri,k_r,yes,2,174,651,1947,2759
South,WK_3,00:20,N,Jik(@)ZorL,k_Z,pre,2,63,527,1850,2275
South,WK_3,00:20,V,b(@)gam,b_g,pre,2,32,518,1667,2893
South,WK_3,00:21,N,m(@)n@,m_n,yes,1,100,609,1811,3087
South,WK_3,00:21,N,m@n(@),n_a,post,2,45,637,1710,3061
South,WK_3,00:22,P,l(@),l_b,no,2,41,518,1539,2346
South,WK_3,00:22,V,b(@)gam,b_g,pre,2,49,448,1088,1618
South,WK_3,00:24,A,m(@)r,m_r,yes,2,161,712,2060,2892
South,WK_3,00:26,N,Dik(@)r,k_r,yes,2,154,621,1278,2360
South,WK_3,00:27,N,poal(@),l_k,post,2,93,765,1226,2702
South,WK_3,00:27,C,k(@),k_n,no,2,52,654,1401,2517
South,WK_3,00:27,P,n(@),n_b,no,2,115,567,1541,2679
South,WK_3,00:27,V,b(@)gam,b_g,pre,2,29,518,683,2370
South,WK_3,00:28,N,poal(@),l_a,post,2,40,682,1127,2063
South,WK_3,00:30,N,poal(@),l_$,post,2,100,758,1339,2903
South,WK_3,00:35,N,marts(@),ts_d,post,1,33,565,1719,2847
South,WK_3,00:36,D,tut(@),t_$,post,2,123,549,1748,2939
South,WK_3,00:41,P,l(@),l_p,no,2,50,569,1426,1896
South,WK_3,00:42,P,tut(@)lor,t_l,post,2,62,500,1233,2604
South,WK_3,00:45,N,marts(@),ts_l,post,1,65,482,1632,2601
South,WK_3,00:45,N,viast(@),t_$,post,2,113,697,1768,2971
South,WK_3,00:46,N,viast(@),t_a,post,2,41,663,1634,2698
South,WK_3,00:47,A,arvuJisit(@),t_a,post,2,35,521,1711,2536
South,WK_3,00:50,D,mult(@),t_s,post,2,67,578,1774,2633
South,WK_3,00:53,P,v(@)r@,v_r,yes,2,84,710,1720,2789
South,WK_3,00:53,P,v@r(@),r_D,post,2,116,560,1686,2407
South,WK_3,00:54,N,marts(@),ts_l,post,1,69,452,1568,2689
South,WK_3,00:56,N,arm(@)Dli,m_D,yes,2,116,583,2171,2630
South,WK_3,00:58,V,jin(@),n_C,post,2,81,611,2355,2922
South,WK_3,01:00,V,adar(@),r_k,post,2,121,584,1557,2023
South,MT_1,00:19,C,S(@),S_$,yes,1,533,439,1349,2395
South,MT_1,00:21,N,tat(@),t_$,post,2,213,491,1649,2865
South,MT_1,00:31,V,ak(@)tsar@,k_ts,pre,2,57,435,1703,2371
South,MT_1,00:31,V,ak@tsar(@),r_u,post,2,57,568,1291,2251
South,MT_1,00:31,T,un(@),n_p,post,2,166,488,1311,2375
South,MT_1,00:32,N,pravd(@),d_L,post,2,67,432,1774,2552
South,MT_1,00:32,V,disk(@)rkar@,k_r,pre,2,50,480,1554,2297
South,MT_1,00:33,V,disk@rkar(@),r_$,post,2,88,565,1591,2397
South,MT_1,00:33,N,turs(@)L,s_L,post,1,63,338,2009,2917
South,MT_1,00:33,P,alant(@),t_v,post,2,42,403,1644,2496
South,MT_1,00:36,V,adrar(@),r_l,post,2,72,502,1445,2454
South,MT_1,00:37,V,arkar(@),r_$,post,2,52,533,1374,2271
South,MT_1,00:40,V,agudir(@),r_p,post,2,109,449,1458,2509
South,MT_1,00:40,N,mul(@),l_a,post,2,155,471,1160,2545
South,MT_1,00:41,C,k(@)t,k_t,yes,1,100,211,1730,2388
South,MT_1,00:41,V,prft(@)si,t_s,pre,2,41,300,1750,2317
South,MT_1,00:41,V,b(@)g@,b_g,pre,2,116,325,1468,2164
South,MT_1,00:41,V,b@g(@),g_m,yes,2,90,498,1509,2433
South,MT_1,00:42,N,m(@)n,m_n,yes,1,100,461,1606,3311
South,MT_1,00:47,T,un(@),n_m,post,2,80,480,1535,2259
South,MT_1,00:48,V,al(@)s@,l_s,pre,2,52,450,1295,2486
South,MT_1,00:48,V,al@s(@),s_l,yes,2,97,523,1636,2517
South,MT_1,00:49,V,k(@)ts@,k_ts,pre,2,22,350,1497,2161
South,MT_1,00:49,V,k@ts(@),ts_m,yes,2,101,542,1436,2260
South,MT_1,00:53,V,t(@)Le,t_L,pre,2,52,395,1837,2592
South,MT_1,00:56,P,(@)L,^_L,no,1,47,310,1910,2509
South,MT_1,00:56,V,t(@)Le,t_L,pre,2,60,383,1793,2411
South,MT_1,00:57,V,sk(@)p@,k_p,pre,2,115,421,1607,2825
South,MT_1,00:57,V,sk@p(@),p_l,yes,2,83,476,967,2374
South,MT_1,00:58,V,adrat(@),t_$,post,2,35,483,1688,2432
South,MT_1,01:00,S,p(@)n,p_n,yes,1,44,548,1154,2478
South,MT_1,01:01,V,adrat(@),t_t,post,2,50,427,1253,2735
South,MT_1,01:01,S,t(@),t_x,no,2,57,424,1754,2535
South,MT_1,01:02,R,akas(@),s_$,post,2,105,462,1840,3002
South,MT_1,01:02,N,k(@)tS@m@lu,k_tS,no,2,55,350,1809,2287
South,MT_1,01:03,N,k@tS(@)m@lu,tS_m,pre,2,60,455,1297,2415
South,MT_1,01:03,N,k@tS@m(@)lu,m_l,yes,2,100,541,1177,2427
South,MT_1,01:03,V,nvits(@),ts_$,post,2,141,501,1617,2597
South,MT_1,01:06,N,xoar(@)Lei,r_L,post,2,41,544,1772,2402
South,MT_1,01:10,P,(@)l,^_l,no,1,36,338,1679,2553
South,MT_1,01:11,R,akas(@),s_z,post,2,48,413,1664,2658
South,MT_1,01:11,V,vead(@),d_v,post,2,51,385,1719,2471
South,MT_1,01:17,T,un(@),n_p,post,2,100,466,1156,2713
South,MT_1,01:18,V,disk(@)rkar@,k_r,pre,2,44,494,1593,2412
South,MT_1,01:18,V,disk@rkar(@),r_m,post,2,90,589,1244,2354
South,MT_1,01:20,N,poart(@),t_S,post,2,65,511,1571,2736
South,MT_1,01:27,V,b(@)ga,b_g,pre,2,50,400,1438,2335
South,MT_1,01:32,V,dusir(@),r_ts,no,2,78,412,1752,2805
South,MT_1,01:33,V,dz(@)sir@,dz_s,yes,1,50,315,1906,2834
South,MT_1,01:33,V,dz@sir(@),r_b,no,2,153,370,1809,2778
South,MT_1,01:36,T,un(@),n_p,post,2,120,489,1451,2541
South,MT_1,01:37,N,poart(@),t_d,post,2,102,327,1459,2985
South,MT_1,01:39,P,s(@),s_s,pre,2,89,612,1902,2988
South,MT_1,01:41,N,ktS(@)m@lu,tS_m,pre,2,60,492,1583,2399
South,MT_1,01:41,N,ktS@m(@)lu,m_l,yes,2,45,526,1608,2771
South,MT_1,01:44,P,s(@),s_s,pre,2,58,367,1708,2823
South,MT_1,01:45,V,skoal(@),l_S,post,2,75,489,1210,2606
South,MT_1,01:49,V,dz(@)tsi,dz_ts,yes,1,89,376,1450,2603
South,MT_1,01:50,V,Ng(@)rkats,g_r,pre,2,55,474,1712,2489
South,MT_1,01:51,S,t(@),t_g,pre,2,60,296,1912,2324
South,MT_1,01:52,S,t(@),t_g,pre,2,125,440,1682,2564
South,MT_1,01:54,S,p(@)n,p_n,yes,1,72,447,1656,2485
South,MT_1,02:04,V,dz(@)tsi,z_ts,yes,1,39,401,1739,2549
South,MT_1,02:05,P,v(@),v_$,no,2,92,391,1649,2630
South,MT_1,02:06,V,aduk(@),k_g,post,2,72,287,1754,2143
South,MT_1,02:06,V,dz(@)tsi,dz_ts,yes,1,42,360,1654,2758
South,MT_1,02:07,V,v(@)t@mat,v_t,no,2,88,542,1248,2730
South,MT_1,02:07,V,v@t(@)mat,t_m,pre,2,35,505,1266,2678
South,MT_1,02:08,V,dz(@)tsi,dz_ts,yes,1,39,335,1461,2695
South,MT_1,02:19,V,Ng(@)rk@,g_r,pre,2,38,421,1645,2324
South,MT_1,02:20,V,Ng@rk(@),k_$,yes,2,270,523,1595,2351
South,MT_1,02:25,D,alts(@),ts_k,post,1,60,759,2559,3553
South,MT_1,02:30,R,k(@)tse,k_ts,pre,2,73,294,1909,3043
South,MT_1,02:33,T,un(@),n_a,post,2,43,467,1206,2346
South,MT_1,02:37,V,f(@)tsea,f_ts,pre,2,61,307,2205,2816
South,MT_1,02:39,T,un(@),n_x,post,2,50,852,2196,3439
South,MT_1,02:39,N,xoar(@),r_n,post,2,61,608,1376,2575
South,MT_1,02:39,D,ndreag(@),g_$,post,2,52,544,2085,3162
South,MT_1,02:45,V,featsir(@),r_l,no,2,69,532,1590,2486
South,MT_1,02:46,C,dup(@),p_ts,post,2,90,317,1563,2708
South,MT_1,02:47,V,fug(@),g_$,post,2,215,356,922,2490
South,MT_1,02:52,C,k(@)n,k_n,yes,1,66,384,1611,2524
South,MT_1,02:53,V,vdzir(@),r_t,post,2,132,362,1506,2428
South,MT_1,02:54,N,turts(@)L,ts_L,post,1,69,353,1878,2403
South,MT_1,02:55,V,ak(@)lisir@,k_l,no,2,30,342,1781,2923
South,MT_1,02:56,V,ak@lisir(@),r_$,post,2,281,412,1643,2576
South,MT_1,02:56,N,k(@)tS@m@lu,k_tS,no,2,41,299,1898,2307
South,MT_1,02:57,N,k@tS(@)m@lu,tS_m,pre,2,70,469,1577,2823
South,MT_1,02:57,N,k@tS@m(@)lu,m_l,yes,2,130,530,1160,2448
South,MT_1,02:58,V,ak(@)lisi,k_l,no,2,30,398,1721,2198
South,MT_1,03:02,V,dz(@)k,dz_k,yes,1,53,804,2303,2991
South,MT_1,03:05,C,k(@)n,k_n,yes,1,49,352,1800,2201
South,MT_1,03:06,V,turnar(@),r_$,post,2,109,569,1456,2679
South,MT_1,03:09,V,dz(@)s@,dz_s,yes,1,52,370,1538,2648
South,MT_1,03:09,V,dz@s(@),s_d,post,2,91,300,1771,3010
South,MT_1,03:10,R,k(@)tse,k_ts,pre,2,67,630,1885,3166
South,MT_1,03:11,C,k(@),k_v,no,2,44,460,1153,2518
South,MT_1,03:13,V,vat(@)m@,t_m,post,2,29,450,1319,2404
South,MT_1,03:13,V,vat@m(@),m_m,no,2,70,429,1385,2327
South,MT_1,03:14,V,vat(@)m@,t_m,post,2,53,501,1394,2395
South,MT_1,03:14,V,vat@m(@),m_dz,no,2,70,396,1229,2524
South,MT_1,03:14,V,dz(@)si,dz_s,yes,1,75,239,1793,3222
South,MT_1,03:18,C,k(@)nd,k_n,yes,1,47,331,1507,2291
South,MT_1,03:19,V,iS(@)r@,S_r,yes,2,76,454,1651,2488
South,MT_1,03:19,V,iS@r(@),r_d,post,2,197,414,1613,2541
South,MT_1,03:20,V,dz(@)ku,dz_k,yes,1,49,409,1677,2421
South,MT_1,03:21,T,un(@),n_t,post,2,101,512,1694,2735
South,MT_1,03:23,V,dz(@)si,dz_s,yes,1,71,402,1595,2415
South,MT_1,03:24,D,al(@)ndui,l_n,pre,2,89,357,1240,2341
South,MT_1,03:24,N,karadZ(@)lui,dZ_l,yes,2,51,403,1680,2376
South,MT_1,03:25,V,dz(@)si,dz_s,yes,1,48,328,1786,2484
South,MT_1,03:26,V,dz(@)si,dz_s,yes,1,47,293,1731,2475
South,MT_1,03:26,V,b(@)gaS,b_g,pre,2,90,295,1311,2382
South,MT_1,03:32,D,v(@)r@,v_r,yes,2,51,563,1207,2522
South,MT_1,03:32,D,v@r(@),r_p,post,2,84,529,1235,2446
South,MT_1,03:32,N,provlim(@),m_dz,no,2,64,266,1167,2418
South,MT_1,03:35,V,ark(@),k_N,yes,2,100,559,1722,2529
South,MT_1,03:35,N,Ng(@)lar,g_l,pre,2,40,569,1557,2283
South,MT_1,03:37,N,t(@)mb@rli,t_m,pre,1,52,460,1484,2077
South,MT_1,03:38,N,t@mb(@)rli,b_r,yes,1,91,481,1523,2449
South,MT_1,03:41,V,viJir(@),r_m,no,2,48,491,1329,2388
South,MT_1,03:42,R,nafoar(@),r_d,post,2,45,592,1336,2483
South,MT_1,03:44,N,andarts(@)L,ts_L,post,1,76,418,1939,2692
South,MT_1,03:49,V,v(@)t@mar@,v_t,no,2,45,484,1003,2606
South,MT_1,03:49,V,v@t(@)mar@,t_m,pre,2,36,549,1057,2493
South,MT_1,03:49,V,v@t@mar(@),r_p,post,2,46,675,1210,2832
South,MT_1,03:50,C,k(@),k_n,no,2,58,262,1364,2439
South,MT_1,03:50,V,numisir(@),r_k,post,2,77,443,1696,2717
South,MT_1,03:51,N,k(@)tS@m@lu,k_tS,no,2,60,258,1818,2668
South,MT_1,03:52,N,k@tS(@)m@lu,tS_m,pre,2,37,475,1366,2375
South,MT_1,03:52,N,k@tS@m(@)lu,m_l,yes,2,93,527,1190,2390
South,MT_1,03:52,N,mul(@),l_k,post,2,88,506,1572,2429
South,MT_1,03:52,C,k(@),k_z,no,2,37,459,1671,2395
South,MT_1,03:54,N,mul(@),l_N,post,2,49,523,1308,2455
South,MT_1,03:56,V,v(@)t@mar,v_t,no,2,54,548,1129,2604
South,MT_1,03:56,V,v@t(@)mar,t_m,pre,2,56,588,1251,2677
South,MT_1,03:56,V,k(@)dzu,k_dz,pre,2,75,472,1340,2783
South,MT_1,03:59,V,imn(@)ndalui,n_n,yes,2,66,471,1647,2706
South,MT_1,04:02,V,dz(@)tsi,dz_ts,yes,1,64,328,1817,2683
South,MT_1,04:05,V,dz(@)tsi,dz_ts,yes,1,39,359,1539,2574
South,MT_1,04:05,C,k(@),k_l,yes,2,30,524,1447,2454
South,MT_1,04:05,V,v(@)t@matu,v_t,no,2,55,520,1313,2555
South,MT_1,04:05,V,v@t(@)matu,t_m,pre,2,63,568,1350,2343
South,MT_1,04:16,V,ksanadusir(@),r_g,no,2,65,363,1856,2464
South,MT_1,04:17,V,al(@)ksit@,l_k,pre,2,93,482,1410,2650
South,MT_1,04:18,V,al@ksit(@),t_c,post,2,50,325,1868,2312
South,MT_1,04:18,N,ciradZ(@),dZ_p,yes,2,83,540,1554,2244
South,MT_1,04:18,C,k(@),k_a,no,2,131,436,1850,2250
South,MT_1,04:19,V,v(@)t@mar@,v_t,no,2,59,440,1472,2768
South,MT_1,04:19,V,v@t(@)mar@,t_m,pre,2,60,481,1201,2365
South,MT_1,04:19,V,v@t@mar(@),r_l,post,2,68,504,1330,2554
South,MT_1,04:20,N,ciradZ(@),dZ_a,yes,2,92,404,1686,2750
South,MT_1,04:32,V,v(@)t@mar@,v_t,no,2,89,502,1235,2886
South,MT_1,04:32,V,v@t(@)mar@,t_m,pre,2,49,491,1058,2914
South,MT_1,04:32,V,v@t@mar(@),r_N,post,2,59,500,1412,2263
South,MT_1,04:33,C,k(@)n,k_n,yes,1,71,484,1518,2494
South,MT_1,04:35,V,v(@)t@mar@,v_t,no,2,44,459,1173,2523
South,MT_1,04:35,V,v@t(@)mar@,t_m,pre,2,42,510,1175,2394
South,MT_1,04:35,V,v@t@mar(@),r_l,post,2,152,960,2400,3421
South,MT_1,04:38,N,ciradZ(@)l,dZ_l,yes,2,52,445,1430,2168
South,MT_1,04:40,P,(@)L,a_L,pre,1,42,581,1881,2413
South,MT_1,04:41,P,(@)l,i_l,no,1,84,362,1426,2788
South,MT_1,04:41,V,v(@)t@mar@,v_t,no,2,40,502,1071,2704
South,MT_1,04:41,V,v@t(@)mar@,t_m,pre,2,62,539,1247,2628
South,MT_1,04:41,V,v@t@mar(@),r_b,post,2,41,516,1167,2667
South,MT_1,04:43,V,v(@)t@mar,v_t,no,2,75,452,1152,2662
South,MT_1,04:43,V,v@t(@)mar,t_m,pre,2,33,534,1207,2439
South,MT_1,04:44,V,v(@)t@mar,v_t,no,2,87,473,1218,2701
South,MT_1,04:44,V,v@t(@)mar,t_m,pre,2,40,505,1289,2564
South,MT_1,04:47,V,dz(@)tsea,dz_ts,pre,1,32,376,1586,2591
South,MT_1,04:47,V,v(@)t@mar,v_t,no,2,47,478,1268,2509
South,MT_1,04:47,V,v@t(@)mar,t_m,pre,2,52,496,1218,2252
South,MT_1,04:49,V,skul(@),l_d,yes,2,190,561,1487,2610
South,MT_1,04:52,V,v(@)t@mat,v_t,no,2,83,449,1193,2594
South,MT_1,04:52,V,v@t(@)mat,t_m,pre,2,46,523,1219,2305
South,MT_1,04:53,T,un(@),n_p,post,2,80,323,1205,2329
South,MT_1,04:53,N,p(@)rpoDi,p_r,pre,2,45,508,1307,2449
South,MT_1,04:56,N,p(@)rpoDea,p_r,pre,2,43,488,1205,2509
South,MT_1,05:00,P,(@)lu,i_l,no,1,30,479,1379,2164
South,MT_1,05:00,V,v(@)t@mar,v_t,no,2,60,440,1119,2356
South,MT_1,05:00,V,v@t(@)mar,t_m,pre,2,40,515,1454,2598
South,MT_1,05:03,V,ask(@)p@,k_p,pre,2,52,445,1530,2502
South,MT_1,05:03,V,ask@p(@),p_a,yes,2,73,496,1396,2345
South,MT_1,05:04,N,ktS(@)m@lu,tS_m,pre,2,54,519,1861,2550
South,MT_1,05:04,N,ktS@m(@)lu,m_l,yes,2,73,551,1145,2385
South,MT_1,05:05,V,v(@)t@mar@,v_t,no,2,68,479,1347,2392
South,MT_1,05:06,V,v@t(@)mar@,t_m,pre,2,50,508,1352,2271
South,MT_1,05:06,V,v@t@mar(@),r_$,post,2,119,584,1512,2869
South,MT_1,05:07,V,vdzir(@),r_S,post,2,55,394,1824,2479
South,MT_1,05:07,N,turts(@)L,ts_L,post,1,64,336,1912,2565
South,MT_1,05:10,V,iS(@)r@,S_r,yes,2,70,492,1759,2384
South,MT_1,05:11,V,iS@r(@),r_f,post,2,64,491,1437,2569
South,MT_2,00:05,V,aGunir(@),r_$,post,2,241,423,1764,2896
South,MT_2,00:08,N,arm(@)JLi,m_J,yes,1,56,391,1152,2709
South,MT_2,00:09,N,arm(@)JLi,m_J,yes,1,87,464,1499,2747
South,MT_2,00:12,V,b(@)g@,b_g,pre,2,69,413,1227,2451
South,MT_2,00:12,V,b@g(@),g_t,yes,2,88,475,1728,2262
South,MT_2,00:12,N,mandr(@),r_L,post,2,39,414,1238,2305
South,MT_2,00:19,C,S(@),S_$,yes,1,712,432,1568,2552
South,MT_2,00:20,V,skrupsir(@),r_t,post,2,88,390,1836,2682
South,MT_2,00:24,N,tat(@),t_J,post,2,51,402,1475,2525
South,MT_2,00:26,V,ts(@)nu,ts_n,pre,1,33,358,1327,2631
South,MT_2,00:31,V,ts(@)nu,ts_n,pre,1,51,377,1436,2944
South,MT_2,00:32,C,S(@),S_$,yes,1,521,435,1136,2422
South,MT_2,00:34,P,(@)L,^_L,no,1,70,415,2084,2886
South,MT_2,00:35,V,psuSir(@),r_t,post,2,86,368,1918,3341
South,MT_2,00:39,V,armasir(@),r_S,no,2,37,451,2137,2520
South,MT_2,00:40,V,k(@)t@skisi,k_t,no,2,77,406,1995,2540
South,MT_2,00:40,V,k@t(@)skisi,t_s,no,2,51,398,1755,2828
South,MT_2,00:41,T,un(@),n_m,post,2,52,448,1114,2489
South,MT_2,00:41,N,m(@)G@zii,m_G,no,2,43,473,1097,2590
South,MT_2,00:41,N,m@G(@)zii,G_z,pre,2,79,441,1903,2137
South,MT_2,00:44,V,m(@)Nga,m_N,pre,2,60,579,1225,3049
South,MT_2,00:51,V,ts(@)nets,ts_n,pre,1,63,447,2286,3086
South,MT_2,00:51,S,t(@),t_t,pre,2,93,364,1401,2719
South,MT_2,00:54,R,k(@)tse,k_ts,pre,2,81,375,1920,2742
South,MT_2,01:00,C,k(@),k_b,pre,2,90,394,1554,2955
South,MT_2,01:01,S,t(@),t_p,pre,2,141,415,1486,2427
South,MT_2,01:03,V,m(@)ndz,m_n,yes,2,178,378,1422,2825
South,MT_2,01:05,V,m(@)ndz,m_n,yes,2,120,435,1682,2599
South,MT_2,01:08,A,tut(@),t_$,post,2,200,438,1468,2600
South,MT_2,01:11,V,afl(@),l_$,post,2,261,437,1402,2708
South,MT_2,01:16,V,ts(@)num,ts_n,pre,1,64,417,1291,2554
South,MT_2,01:17,V,dz(@)si,dz_s,yes,1,69,396,1280,2634
South,MT_2,01:19,V,ak(@)ts@,k_ts,pre,2,91,410,2000,3014
South,MT_2,01:19,V,ak@ts(@),ts_u,yes,2,61,484,1618,3056
South,MT_2,01:19,T,un(@),n_n,post,2,83,463,1583,2554
South,MT_2,01:24,V,mut(@),t_$,yes,2,151,417,1346,2746
South,MT_2,01:28,V,f(@)tSa,f_tS,pre,2,109,403,1539,2536
South,MT_2,01:31,C,f(@)r@,f_r,yes,2,63,370,1321,2666
South,MT_2,01:31,C,f@r(@),r_s,post,2,35,355,2509,2840
South,MT_2,01:31,V,Ng(@)ldzask,g_l,pre,2,75,396,1424,2625
South,MT_2,01:37,V,m(@)Ng@,m_N,yes,2,117,409,1181,2728
South,MT_2,01:37,V,m@Ng(@),g_u,yes,2,115,435,1893,2529
South,MT_2,01:39,R,aS(@)tsi,S_ts,yes,1,109,379,1745,3080
South,MT_2,01:41,R,aS(@)tsi,S_ts,yes,1,91,305,1927,2876
South,MT_2,01:47,V,ts(@)n,ts_n,yes,1,105,406,1748,2743
South,MT_2,01:49,V,usuk(@),k_$,post,2,75,431,1634,2583
South,MT_2,01:51,V,uskat(@),t_d,post,2,78,430,1508,2519
South,MT_2,01:51,N,kserop(@)jii,p_j,pre,2,52,431,1868,2688
South,MT_2,01:52,V,b(@)gar@,b_g,pre,2,37,375,1890,2937
South,MT_2,01:53,V,b@gar(@),r_$,post,2,44,420,1640,2297
South,MT_2,01:53,V,psuSiask(@),k_t,post,2,51,440,1859,3072
South,MT_2,01:56,V,ts(@)nets,ts_n,pre,1,67,413,1929,3245
South,MT_2,01:57,S,t(@),t_t,no,2,66,380,1410,2759
North,WA_1,00:00,V,m(@)Rt@,m_R,pre,2,71,601,1846,3057
North,WA_1,00:00,V,m@Rt(@),t_u,yes,2,131,790,2169,2947
North,WA_1,00:01,T,un(@),n_f,post,2,66,508,2154,2981
North,WA_1,00:01,N,fiat(@),t_$,post,2,189,407,1932,2999
North,WA_1,00:02,N,p(@)RmiT,p_R,pre,2,42,605,1526,2424
North,WA_1,00:04,V,dz(@)siR,dz_s,yes,1,153,648,2211,2685
North,WA_1,00:07,N,nviast(@),t_b,post,2,100,430,1495,2940
North,WA_1,00:08,A,bun(@),n_$,post,2,160,650,1995,2925
North,WA_1,00:10,V,dediR(@),R_$,no,2,250,675,1936,2555
North,WA_1,00:10,V,dz(@)tsem,dz_ts,pre,1,39,462,2165,3088
North,WA_1,00:11,N,ameRik(@),k_n,post,2,60,490,2212,2988
North,WA_1,00:13,V,v(@)dza,v_dz,pre,2,84,403,2080,2893
North,WA_1,00:21,P,(@)L,^_L,no,1,68,311,2548,3234
North,WA_1,00:21,V,dz(@)tsea,dz_ts,pre,1,56,431,2301,3134
North,WA_1,00:23,N,ap(@),p_$,post,2,138,458,1845,2927
North,WA_1,00:25,C,k(@),k_n,pre,2,70,626,1916,2489
North,WA_1,00:25,V,ts(@)nia,ts_n,pre,1,38,373,2121,2776
North,WA_1,00:26,N,ap(@),p_ts,post,2,68,496,1758,2373
North,WA_1,00:27,V,zb(@)tea,b_t,pre,2,37,322,2140,3243
North,WA_1,00:29,V,dz(@)tsi,dz_ts,yes,1,47,307,2256,3144
North,WA_1,00:30,N,ap(@),p_l,post,2,55,508,1425,2585
North,WA_1,00:32,N,ap(@),p_i,post,2,50,347,1795,2613
North,WA_1,00:33,V,dediR(@),R_$,no,2,174,604,1939,2967
North,WA_1,00:36,C,k(@),k_L,no,2,70,419,2540,3717
North,WA_1,00:36,V,dz(@)s,dz_s,yes,1,75,566,1963,2505
North,WA_1,00:38,V,ak(@)tsa,k_ts,pre,2,69,586,1741,2409
North,WA_1,00:39,N,S(@)m@t@,S_m,no,2,42,490,2143,3024
North,WA_1,00:40,N,S@m(@)t@,m_t,pre,2,82,564,1632,3011
North,WA_1,00:40,N,S@m@t(@),t_$,yes,2,185,738,1846,3065
North,WA_1,00:42,P,l(@),l_v,no,2,92,512,1572,2832
North,WA_1,00:42,A,x(@)u,x_u,yes,2,141,588,2140,2842
North,WA_1,00:44,P,aest(@),t_n,post,2,54,598,2098,3028
North,WA_1,00:45,V,dz(@)si,dz_s,yes,1,78,360,1682,3226
North,WA_1,00:46,V,ts(@)nem,ts_n,pre,1,38,335,1807,3233
North,WA_1,00:48,D,alt(@),t_$,post,2,114,618,2143,3056
North,WA_1,00:50,D,alt(@),t_n,post,2,88,543,2019,2753
North,WA_1,00:50,N,nviast(@),t_S,post,2,60,442,2057,2825
North,WA_1,00:51,R,Nkas(@),s_$,post,2,117,402,2094,3315
North,WA_1,00:52,V,b(@)ga,b_g,pre,2,90,462,1740,2306
North,WA_1,00:53,N,k(@)RuJ,k_R,pre,2,49,553,1687,2719
North,WA_1,00:55,P,alant(@),t_ts,post,2,73,463,2065,3045
North,WA_1,00:55,N,b(@)Rba,b_R,pre,2,46,575,1768,3230
North,WA_1,00:57,V,ts(@)nia,ts_n,pre,1,39,383,2379,3085
North,WA_1,00:58,N,m(@)n@,m_n,yes,1,141,596,2159,2977
North,WA_1,00:58,N,m@n(@),n_$,post,2,135,555,2197,3206
North,WA_1,01:02,N,m(@)n@,m_n,yes,1,161,677,2303,2902
North,WA_1,01:02,N,m@n(@),n_$,post,2,134,543,2010,3061
North,WA_1,01:06,A,mpRost(@),t_$,post,2,222,649,1900,2667
North,WA_1,01:08,P,(@)L,^_L,pre,1,69,508,2481,2923
North,WA_1,01:08,V,dz(@)si,dz_s,yes,1,96,490,2113,2945
North,WA_1,01:09,N,m(@)na,m_n,yes,1,169,761,2239,3036
North,WA_1,01:10,A,m(@)Rat@,m_R,pre,1,74,626,1561,2481
North,WA_1,01:10,A,m@Rat(@),t_S,post,2,50,394,2188,3075
North,WA_1,01:11,A,taks(@)Rat@,s_R,pre,2,58,572,1778,2714
North,WA_1,01:11,A,taks@Rat(@),t_$,post,2,226,644,1996,3007
North,WA_1,01:12,P,(@)L,^_L,pre,1,47,380,2659,3209
North,WA_1,01:12,V,dz(@)si,dz_s,yes,1,50,362,2288,3135
North,WA_1,01:16,D,aest(@),t_k,post,2,96,461,1990,2767
North,WA_1,01:17,N,kas(@),s_S,post,2,30,463,2052,3008
North,WA_1,01:17,V,gRit(@),t_dz,post,2,98,438,1968,3102
North,WA_1,01:18,V,dz(@)si,dz_s,yes,1,63,356,1842,3323
North,WA_1,01:19,N,z(@)vonu,z_v,pre,2,84,450,1265,2916
North,WA_1,01:20,V,dz(@)si,dz_s,yes,1,56,397,1768,3052
North,WA_1,01:22,T,un(@),n_l,post,2,75,657,1696,2634
North,WA_1,01:22,N,l(@)nd@RuSe,l_n,no,1,80,730,1925,3071
North,WA_1,01:22,N,l@nd(@)RuSe,d_R,pre,2,85,518,1772,3180
North,WA_1,01:24,T,un(@),n_$,post,2,210,516,2149,3038
North,WA_1,01:25,N,guv(@),v_$,post,2,78,466,2032,2903
North,WA_1,01:29,A,mpRost(@),t_S,post,2,90,544,1917,2752
North,WA_1,01:35,R,Nkas(@),s_ts,post,2,193,544,1804,3296
North,WA_1,01:36,V,dz(@)tsea,dz_ts,pre,1,38,330,2250,3223
North,WA_1,01:37,C,k(@),k_i,yes,2,251,563,2085,2891
North,WA_1,01:38,V,fapt(@),t_d,post,2,161,438,2099,2699
North,WA_1,01:38,N,l(@)nd@RuSe,l_n,no,1,52,589,1963,3334
North,WA_1,01:39,N,l@nd(@)RuSe,d_R,pre,2,52,505,1605,2897
North,WA_1,00:04,T,un(@),n_k,post,2,133,641,1704,2694
North,WA_1,00:05,V,fug(@),g_$,post,2,90,581,2133,2827
North,WA_1,00:07,T,un(@),n_x,post,2,60,552,1721,2625
North,WA_1,00:07,N,xm(@)n@,m_n,yes,1,185,611,1784,3078
North,WA_1,00:07,N,xm@n(@),n_$,post,2,186,667,2029,2977
North,WA_1,00:09,N,tend(@),d_a,post,2,50,425,1697,2619
North,WA_1,00:09,R,aS(@),S_$,yes,1,290,736,1944,2546
North,WA_1,00:14,N,dz(@)l,dz_l,yes,1,115,571,2155,3404
North,WA_1,00:14,C,k(@)t,k_t,yes,1,58,531,2035,3188
North,WA_1,00:17,V,b(@)g@,b_g,pre,2,117,377,2249,2720
North,WA_1,00:17,V,b@g(@),g_$,yes,2,273,575,2074,2557
North,WA_1,00:20,V,dz(@)si,dz_s,yes,1,138,462,2212,3018
North,WA_1,00:22,V,dz(@)si,dz_s,yes,1,119,417,1810,2797
North,WA_1,00:23,V,dz(@)si,dz_s,yes,1,79,398,1985,3334
North,WA_1,00:25,V,dz(@)si,dz_s,yes,1,90,444,1994,2929
North,WA_1,00:27,V,m(@)k@,m_k,yes,1,132,551,2212,2597
North,WA_1,00:28,V,m@k(@),k_p,post,2,100,504,1675,2572
North,WA_1,00:30,V,dz(@)si,dz_s,yes,1,76,461,2052,2909
North,WA_1,00:32,T,un(@),n_s,post,2,73,528,1674,2955
North,WA_1,00:34,V,m(@)k@,m_k,yes,1,116,556,2236,2810
North,WA_1,00:34,V,m@k(@),k_p,post,2,60,397,1690,2417
North,WA_1,00:35,T,un(@),n_l,post,2,47,438,1384,2281
North,WA_1,00:39,P,un(@),n_m,post,2,40,520,1387,2103
North,WA_1,00:40,N,x(@)u,x_u,yes,1,125,625,2127,2748
North,WA_1,00:41,N,x(@)u,x_u,yes,1,121,567,2178,2594
North,WA_1,00:42,V,neak(@),k_$,post,2,240,603,2001,3114
North,WA_1,00:42,V,b(@)g@,b_g,pre,2,50,308,1664,2866
North,WA_1,00:42,V,b@g(@),g_p,yes,2,183,509,2145,2744
North,WA_1,00:49,V,adun(@),n_C,post,2,44,385,2516,3818
North,WA_1,00:50,V,afl(@),l_$,yes,2,112,448,2072,2394
North,WA_1,00:58,V,nvits(@),ts_d,yes,2,223,693,1974,2843
North,WA_1,01:12,T,un(@),n_f,post,2,67,627,1923,2736
North,WA_1,01:12,N,fiat(@),t_S,post,2,45,450,2230,3013
North,WA_1,01:21,V,p(@)xtsa,p_x,pre,2,41,528,1361,3257
North,WA_1,01:26,V,loR(@),R_$,post,2,121,503,1549,2156
North,WA_1,01:28,V,dz(@)si,dz_s,yes,1,87,422,1989,2922
North,WA_1,01:32,V,dz(@)si,dz_s,yes,1,72,377,1779,3600
North,WA_1,01:34,V,jin(@),n_dz,post,2,133,489,1916,2948
North,WA_1,01:34,V,dz(@)si,dz_s,yes,1,49,391,1844,2699
North,WA_1,01:35,V,dz(@)si,dz_s,yes,1,50,434,1940,2969
North,WA_1,01:36,V,jin(@),n_s,post,2,44,530,1607,2763
North,WA_1,01:37,V,kaft(@),t_m,post,2,63,530,1654,2832
North,WA_1,01:38,V,v(@)t@mats,v_t,no,2,57,428,1629,2756
North,WA_1,01:38,V,v@t(@)mats,t_m,pre,2,45,532,1494,2858
North,WA_1,01:43,N,m(@),m_s,yes,2,175,643,2203,2979
North,WA_1,01:45,V,skul(@),l_dz,yes,2,151,626,2116,2769
North,WA_1,01:47,V,neag(@),g_s,post,2,51,424,2266,3092
North,WA_1,01:48,V,skul(@),l_f,yes,2,88,631,1951,2595
North,WA_1,01:50,V,dz(@)se,dz_s,yes,1,128,641,1861,2594
North,WA_1,01:51,V,dz(@)se,dz_s,yes,1,83,432,1733,2987
North,WA_1,01:53,V,dz(@)si,dz_s,yes,1,64,398,2062,3266
North,WA_1,01:56,V,skul(@),l_f,yes,2,148,687,1927,2573
North,WA_1,01:59,I,l(@)i,l_i,yes,2,51,546,1788,2466
North,WA_1,02:00,V,m(@)k@,m_k,yes,1,150,680,2190,2652
North,WA_1,02:00,V,m@k(@),k_k,post,2,100,481,2422,2809
North,WA_1,02:00,N,k(@)JL,k_J,yes,1,189,606,2303,3058
North,WA_1,02:00,V,dz(@)s,dz_s,yes,1,89,388,1862,3319
North,WA_1,02:03,V,v(@)t@maR@,v_t,no,2,130,475,1629,2992
North,WA_1,02:03,V,v@t(@)maR@,t_m,pre,2,60,443,1576,2479
North,WA_1,02:03,V,v@t@maR(@),R_$,post,2,143,294,1724,2483
North,WA_1,00:03,V,b(@)gam,b_g,pre,2,82,419,1543,2573
North,WA_1,00:03,N,fx(@)ndz@,x_n,yes,1,170,623,2070,2423
North,WA_1,00:04,N,fx@ndz(@),dz_p,post,2,80,447,2110,2554
North,WA_1,00:04,R,pisupR(@),R_$,post,2,201,710,1845,2411
North,WA_1,00:09,C,k(@)n,k_n,yes,1,97,601,2166,2726
North,WA_1,00:10,V,dz(@)si,dz_s,yes,1,66,501,1978,2973
North,WA_1,00:12,V,b(@)gat,b_g,pre,2,82,458,1434,2402
North,WA_1,00:14,V,dz(@)si,dz_s,yes,1,82,487,2218,2903
North,WA_1,00:18,V,ax(@)dea,x_d,pre,1,82,567,2122,2823
North,WA_1,00:19,V,k(@)Rkam,k_R,pre,2,58,593,2122,2829
North,WA_1,00:23,T,un(@),n_f,post,2,48,598,1315,2723
North,WA_1,00:23,N,fuRk(@),k_a,post,2,42,590,1345,2202
North,WA_1,00:23,P,un(@),n_a,post,2,41,664,1641,2288
North,WA_1,00:24,P,un(@),n_b,post,2,74,392,1262,2487
North,WA_1,00:24,V,b(@)gam,b_g,pre,2,97,514,1252,3042
North,WA_1,00:25,R,ndzean(@),n_$,post,2,270,941,1883,2839
North,WA_1,00:28,R,aS(@),S_$,yes,1,196,530,1973,3326
North,WA_1,00:29,V,dz(@)si,dz_s,yes,1,58,469,1763,2954
North,WA_1,00:30,N,iaRb(@),b_m,post,2,60,602,1531,2474
North,WA_1,00:36,V,tuxaR(@),R_$,post,2,212,743,2010,2531
North,WA_1,00:37,V,dz(@)si,dz_s,yes,1,93,473,1870,3022
North,WA_1,00:39,R,aS(@),S_a,yes,1,64,492,2043,2614
North,WA_1,00:41,V,dz(@)S,dz_S,yes,1,80,442,2004,2719
North,WA_1,00:42,D,tut(@),t_dz,post,2,61,370,1537,3070
North,WA_1,00:50,V,dz(@)ts,dz_ts,yes,1,115,571,1513,2503
North,WA_2,00:02,V,ak(@)ts@,k_ts,pre,2,38,563,2198,3272
North,WA_2,00:02,V,ak@ts(@),ts_k,yes,2,140,566,2312,3140
North,WA_2,00:04,V,ak(@)tsaR,k_ts,pre,2,50,516,2003,3105
North,WA_2,00:12,V,pl(@)N,l_N,yes,1,183,597,2431,3110
North,WA_2,00:13,V,dz(@)se,dz_s,yes,1,74,513,2149,3202
North,WA_2,00:14,V,v(@)t@m@,v_t,no,2,90,696,1529,3439
North,WA_2,00:14,V,v@t(@)m@,t_m,pre,2,30,551,1838,3331
North,WA_2,00:14,V,v@t@m(@),m_f,yes,2,120,631,1748,2443
North,WA_2,00:17,V,dz(@)se,dz_s,yes,1,163,556,2343,3142
North,WA_2,00:17,V,f(@)tsiam,f_ts,pre,2,104,444,2200,2876
North,WA_2,00:19,V,k(@)ftam,k_f,pre,2,62,463,1424,2894
North,WA_2,00:20,R,Jadz(@)nopts,dz_n,pre,2,68,530,1785,3342
North,WA_2,00:26,C,k(@)n,k_n,yes,1,52,487,2513,3046
North,WA_2,00:27,V,kaft(@),t_j,post,2,54,403,2340,2862
North,WA_2,00:28,V,dz(@)tse,dz_ts,yes,1,69,448,1868,2972
North,WA_2,00:30,V,avdz(@)t,dz_t,yes,1,150,633,1909,3358
North,WA_2,00:00,V,vdzut(@),t_l,post,2,44,427,1892,3236
North,WA_2,00:01,V,k(@)Rkat@,k_R,pre,2,34,574,2018,3122
North,WA_2,00:02,V,k@Rkat(@),t_d,post,2,100,413,1261,2386
North,WA_2,00:11,S,t(@),t_l,pre,2,42,446,2350,3119
North,WA_2,00:17,V,dz(@)se,dz_s,yes,1,73,486,2052,3423
North,WA_2,00:18,V,fak(@),k_a,post,2,95,826,1810,2965
North,WA_2,00:20,V,s(@)n,s_n,yes,2,145,673,2288,3410
North,WA_2,00:21,V,dz(@)S,dz_S,yes,1,45,598,2081,3419
North,WA_2,00:21,V,s(@)n,s_n,yes,2,77,619,2047,2780
North,WA_2,00:21,N,k(@)J,k_J,yes,1,208,669,2639,3225
North,WA_2,00:22,N,k(@)J,k_J,yes,1,96,499,2385,2963
North,WA_2,00:25,A,skos(@),s_$,post,2,142,613,2167,3418
North,WA_2,00:27,V,asp(@)Rem,p_R,pre,2,80,629,1770,3251
North,WA_2,00:28,V,asp(@)Rem,p_R,pre,2,72,564,1812,3160
North,WA_2,00:30,A,koRb(@),b_$,post,2,74,670,1313,2536
North,WA_2,00:32,V,f(@)tsia,f_ts,pre,2,90,429,2250,3059
North,WA_2,00:34,V,afl(@)m,l_m,yes,2,123,548,1886,2721
North,WA_2,00:36,V,dz(@)s,dz_s,yes,1,60,432,1957,3273
North,WA_2,00:36,V,dz(@),dz_d,yes,1,82,505,1971,3512
North,WA_2,00:37,V,asp(@)Rem,p_R,pre,2,66,626,1717,3016
North,WA_2,00:38,C,k(@),k_v,no,2,60,477,1906,2830
North,WA_2,00:41,R,ndzean(@),n_$,post,2,103,655,1815,3293
North,WA_2,00:43,N,oR(@),R_n,post,2,56,565,1219,3338
North,WA_2,00:43,C,k(@),k_v,no,2,40,420,1386,2631
North,WA_2,00:43,P,v(@),v_m,pre,2,60,497,2189,3013
North,WA_2,00:43,V,m(@)k@,m_k,yes,1,139,640,2199,3032
North,WA_2,00:44,V,m@k(@),k_l,post,2,41,517,1943,2781
North,WA_2,00:46,V,f(@)tsia,f_ts,pre,2,43,312,2353,3211
North,WA_2,00:48,S,k(@)t@,k_t,yes,2,90,617,1831,2979
North,WA_2,00:48,S,k@t(@),t_n,post,2,50,479,2166,2958
North,WA_2,00:52,V,vidzut(@),t_l,post,2,50,465,2065,2991
North,WA_2,00:53,V,vidzut(@),t_S,post,2,46,518,2206,3383
North,WA_2,00:55,T,un(@),n_m,post,2,86,516,1235,2854
North,WA_2,00:58,V,k(@)ftam,k_f,pre,2,51,518,1966,3319
North,WA_2,01:03,R,aS(@),S_$,yes,1,130,555,2083,3157
North,WA_2,01:06,V,dz(@)s@,dz_s,yes,1,90,569,2139,3346
North,WA_2,01:06,V,dz@s(@),s_t,post,2,124,523,1702,2976
North,WA_2,01:09,V,dz(@)s@,dz_s,yes,1,90,532,2154,3278
North,WA_2,01:09,V,dz@s(@),s_t,post,2,94,541,1915,3014
North,WA_2,01:12,V,m(@)k@,m_k,yes,1,179,607,2495,3143
North,WA_2,01:13,V,m@k(@),k_$,post,2,209,602,2395,3141
North,WA_2,01:16,V,m(@)k@,m_k,yes,1,154,569,2478,3371
North,WA_2,01:16,V,m@k(@),k_S,post,2,38,477,2370,3272
North,WA_2,01:17,V,m(@)k@,m_k,yes,1,245,580,2623,3288
North,WA_2,01:17,V,m@k(@),k_$,post,2,183,600,2325,3096
North,WA_2,01:25,V,k(@)t@,k_t,yes,2,106,302,2331,2949
North,WA_2,01:25,V,k@t(@),t_n,post,2,63,415,2361,3066
North,WA_2,01:26,R,aS(@),S_S,yes,1,134,516,2218,3142
North,WA_2,01:26,V,dz(@)si,dz_s,yes,1,60,420,1917,3304
North,WA_2,01:29,N,tet(@),t_t,post,2,170,498,2076,3200
North,WA_2,01:30,N,tet(@),t_a,post,2,60,621,2072,3233
North,WA_2,01:30,V,alas(@),s_J,post,2,52,496,2424,2995
North,WA_2,01:33,N,t(@)poxa,t_p,pre,2,110,518,2056,3210
North,WA_2,01:33,N,m(@)n@,m_n,yes,1,130,651,2191,3169
North,WA_2,01:33,N,m@n(@),n_t,post,2,63,568,2247,3182
North,WA_2,01:41,V,dz(@)tsia,dz_ts,pre,1,125,404,2148,3392
North,WA_2,01:42,V,alas(@),s_N,post,2,56,501,2539,3165
North,WA_2,01:43,N,tet(@),t_s,post,2,64,519,1968,3269
North,WA_2,01:48,P,l(@),l_s,no,2,60,468,1881,3251
North,WA_2,01:53,V,dz(@)tsia,dz_ts,pre,1,71,383,2087,3248
North,WA_2,01:56,V,b(@)ga,b_g,pre,2,68,516,1685,2967
North,WA_2,01:57,N,p(@)lt@x,p_l,pre,2,38,498,1664,3211
North,WA_2,01:57,N,p@lt(@)x,t_x,yes,2,126,530,2458,3287
North,WA_2,02:05,V,f(@)tsia,f_ts,pre,2,53,270,2293,3028
North,WA_2,02:11,N,uRs(@)Lei,s_L,post,2,72,413,2183,3220
North,WA_2,02:16,P,(@)L,^_L,no,1,57,312,2670,3540
North,WA_2,02:16,V,b(@)g@,b_g,pre,2,76,470,2095,2972
North,WA_2,02:16,V,b@g(@),g_p,yes,2,149,533,2425,2936
North,WA_2,02:21,V,am(@)n@,m_n,pre,1,50,542,1636,2390
North,WA_2,02:21,V,am@n(@),n_e,yes,2,298,635,2343,3138
North,WA_2,02:22,T,un(@),n_S,post,2,29,478,1893,3372
North,WA_2,02:22,N,Sk(@)mb@,k_m,yes,2,56,539,2422,3180
North,WA_2,02:22,N,Sk@mb(@),b_m,post,2,70,577,1843,2987
North,WA_2,02:23,V,bg(@),g_p,yes,2,170,463,2363,2959
North,WA_2,02:23,N,zveRk(@),k_a,post,2,33,635,1690,2856
North,WA_2,02:25,D,mult(@),t_o,post,2,30,561,1670,3263
North,WA_2,02:25,N,oR(@),R_d,post,2,75,566,1346,3266
North,WA_2,02:26,D,puts(@)n,ts_n,yes,1,80,577,2008,2809
North,WA_2,02:26,N,oR(@),R_a,post,2,31,534,967,3069
North,WA_2,02:26,V,askutuR(@),R_g,yes,2,140,513,2031,3062
North,WA_2,02:28,V,adun(@),n_t,yes,2,162,625,2100,3388
North,WA_2,02:36,V,af(@),f_p,yes,2,101,583,1978,2880
North,WA_2,02:38,V,ak(@)ts@,k_ts,pre,2,46,485,1710,2963
North,WA_2,02:38,V,ak@ts(@),ts_i,yes,2,90,540,2362,3247
North,WA_2,02:40,N,m(@)J,m_J,yes,1,99,587,1909,2882
North,WA_2,02:44,V,al(@)s@,l_s,pre,2,47,556,1730,2893
North,WA_2,02:45,V,al@s(@),s_s,yes,2,148,523,2380,3235
North,WA_2,02:46,N,goRts(@),ts_$,post,1,180,669,2048,3381
North,WA_2,02:47,V,als(@),s_s,yes,2,147,543,2403,3261
North,WA_2,02:48,N,goRts(@),ts_$,post,1,74,324,2356,3596
North,WA_2,02:56,C,S(@),S_e,yes,1,66,600,2240,3282
North,WA_2,03:06,T,n(@),n_c,pre,2,119,446,2436,3222
North,WA_2,03:07,V,dz(@)tsia,dz_ts,pre,1,81,434,2294,3167
North,WA_2,03:07,N,sokR(@),R_m,post,2,74,531,1747,3175
North,WA_2,03:09,V,tRak(@),k_t,post,2,172,505,1719,2673
North,WA_2,03:10,D,tuuut(@),t_k,post,2,98,497,2065,3190
North,WA_2,03:10,C,k(@)ndu,k_n,yes,1,113,545,2348,3216
North,WA_2,03:11,V,ciaR(@),R_$,post,2,75,714,1990,3122
North,WA_2,03:12,C,k(@)ndu,k_n,yes,1,70,547,2219,3041
North,WA_2,03:13,D,aest(@),t_p,post,2,128,498,2001,3187
North,WA_2,03:14,V,dz(@)tsia,dz_ts,pre,1,95,232,2214,3508
North,WA_2,03:16,V,adun(@),n_m,post,2,60,499,1646,3254
North,WA_2,03:17,N,moRts(@),ts_k,post,1,109,440,2450,3064
North,WA_2,03:19,V,adun(@),n_m,post,2,38,436,1280,3239
North,WA_2,03:20,N,moRts(@),ts_k,post,1,100,536,2420,3073
North,WA_2,03:22,V,tRak(@),k_$,post,2,309,630,1832,2783
North,WA_2,03:26,N,buk(@)ts,k_ts,yes,2,112,621,2365,3251
North,WA_2,03:28,V,dz(@)se,dz_s,yes,1,147,548,2251,3073
North,WA_2,03:32,V,asteas(@),s_d,post,2,89,476,1859,3263
North,WA_2,03:33,V,dz(@)se,dz_s,yes,1,136,481,2160,3205
North,WA_2,03:40,V,k(@)dzu,k_dz,pre,2,107,418,2009,3150
North,WA_3,00:00,C,k(@)nd,k_n,yes,1,40,520,2375,3261
North,WA_3,00:02,N,fiat(@),t_m,post,2,90,456,1964,3155
North,WA_3,00:07,N,x(@)m@nili,x_m,pre,2,70,498,1575,2984
North,WA_3,00:07,N,x@m(@)nili,m_n,yes,1,190,588,2281,3106
North,WA_3,00:10,P,un(@),n_v,post,2,95,441,2069,2888
North,WA_3,00:14,N,l(@)na,l_n,yes,1,157,648,2003,3088
North,WA_3,00:15,D,tut(@),t_k,post,2,43,512,1364,2971
North,WA_3,00:16,N,l(@)na,l_n,yes,1,152,673,1869,3011
North,WA_3,00:17,D,tut(@),t_k,post,2,110,548,1991,3033
North,WA_3,00:17,P,n(@),n_u,no,2,90,443,1438,2716
North,WA_3,00:18,V,dz(@)k,dz_k,yes,1,70,589,1818,3129
North,WA_3,00:19,N,x(@)u,x_u,yes,1,78,602,1785,3017
North,WA_3,00:20,N,k(@)ne,k_n,yes,1,132,568,2551,3188
North,WA_3,00:21,P,n(@),n_l,no,2,66,405,1488,2912
North,WA_3,00:22,N,k(@)tsau,k_ts,pre,2,91,469,2234,3304
North,MA_1,00:01,N,or(@),r_$,post,2,306,583,1161,2383
North,MA_1,00:09,V,ar(@)dea,r_d,pre,1,93,484,1490,2393
North,MA_1,00:10,D,tut(@),t_$,post,2,149,462,1790,2672
North,MA_1,00:11,R,az(@),z_m,post,2,90,498,938,2852
North,MA_1,00:11,V,ar(@)dea,r_d,pre,1,36,518,985,2363
North,MA_1,00:12,R,m(@)ni,m_n,yes,1,112,558,1569,2540
North,MA_1,00:13,R,p(@)im@ni,p_i,no,2,30,436,582,2464
North,MA_1,00:13,R,p@im(@)ni,m_n,yes,1,81,543,1767,2650
North,MA_1,00:15,C,k(@),k_v,no,2,60,426,1737,2765
North,MA_1,00:15,C,k(@),k_a,no,2,60,380,1194,2358
North,MA_1,00:16,V,ar(@)dea,r_d,pre,1,64,452,1028,2368
North,MA_1,00:18,T,un(@),n_dz,post,2,74,339,1242,2695
North,MA_1,00:18,N,dzu(@),u_S,post,2,106,523,1011,2662
North,MA_1,00:19,V,dz(@)sir@,dz_s,yes,1,105,562,1819,2354
North,MA_1,00:19,V,dz@sir(@),r_ts,no,2,61,384,1658,2884
North,MA_1,00:22,V,aRuk(@)m,k_m,yes,2,91,601,2161,2829
North,MA_1,00:24,N,r(@)u,r_u,yes,1,129,599,1770,2520
North,MA_1,00:25,V,nik(@)m,k_m,yes,2,127,521,1931,2912
North,MA_1,00:28,R,aS(@),S_f,yes,1,82,563,1786,2691
North,MA_1,00:28,V,fetsir(@),r_s,no,2,38,450,1448,2566
North,MA_1,00:35,C,k(@),k_t,no,2,76,432,1644,2563
North,MA_1,00:35,V,skul(@),l_n,yes,2,64,612,1245,2461
North,MA_1,00:38,V,ar(@)s@,r_s,yes,1,141,567,1539,2363
North,MA_1,00:39,V,ar@s(@),s_n,post,2,62,422,1845,2753
North,MA_1,00:39,V,fapt(@),t_t,post,2,80,427,1288,2863
North,MA_1,00:40,R,tot(@)na,t_n,post,2,66,466,1163,2688
North,MA_1,00:42,V,dz(@)tsi,dz_ts,yes,1,72,383,1832,2714
North,MA_1,00:43,V,nek(@)m,k_m,yes,2,110,553,1971,2809
North,MA_1,00:45,V,luar(@),r_n,post,2,51,536,1194,2615
North,MA_1,00:46,P,(@)lu,a_l,no,1,37,436,836,2730
North,MA_1,00:46,V,b(@)gar@,b_g,pre,2,38,364,947,2597
North,MA_1,00:46,V,b@gar(@),r_t,post,2,74,548,1045,2376
North,MA_1,00:50,V,luar(@),r_d,post,2,60,519,965,2677
North,MA_1,00:51,V,dz(@)ts,dz_ts,yes,1,90,448,1324,2572
North,MA_1,00:55,V,lor(@),r_dz,post,2,55,548,989,2624
North,MA_1,00:55,V,dz(@)ts,dz_ts,yes,1,67,457,2037,2768
North,MA_1,00:56,S,p(@)n,p_n,yes,1,44,616,1275,2122
North,MA_1,00:57,V,kurmar(@),r_f,post,2,66,500,1216,2475
North,MA_1,00:58,V,alsar(@),r_a,post,2,35,586,1015,2216
North,MA_1,00:59,C,k(@)n,k_n,yes,1,50,637,1876,2544
North,MA_1,00:59,C,k(@)ndu,k_n,yes,1,41,520,742,2214
North,MA_1,00:59,V,nesir(@),r_f,post,2,43,442,1448,2505
North,MA_1,01:06,V,dz(@)tsi,dz_ts,yes,1,77,379,1898,3042
North,MA_1,01:10,R,k(@)tse,k_ts,pre,2,55,418,1875,2461
North,MA_1,01:11,V,pl(@)n,l_n,yes,1,73,536,1616,2452
North,MA_1,01:12,V,pl(@)N,l_N,yes,1,149,670,1997,2899
North,MA_1,01:13,V,kaft(@),t_s,post,2,43,437,1497,2835
North,MA_1,01:14,V,duk(@),k_s,post,2,51,415,1307,2544
North,MA_1,01:14,V,fak(@),k_m,post,2,70,492,1257,2458
North,MA_1,01:16,C,k(@),k_s,post,2,100,467,1235,2406
North,MA_1,01:18,V,pl(@)N,l_N,yes,1,77,532,1497,2515
North,MA_1,01:20,P,(@)L,d_L,no,1,56,387,1907,2575
North,MA_1,01:24,V,st(@)i,t_i,yes,2,62,566,1768,2706
North,MA_1,01:25,C,k(@)nu,k_n,yes,1,62,501,2015,2492
North,MA_1,01:31,V,dz(@)tsi,dz_ts,yes,1,67,496,1000,2581
North,MA_1,01:33,V,diligar(@),r_f,post,2,42,499,1799,2468
North,MA_1,01:44,N,r(@)u,r_u,yes,1,86,506,1331,2583
North,MA_1,01:47,R,akas(@),s_$,post,2,76,427,1953,2656
North,MA_1,01:49,C,k(@)n,k_n,yes,1,55,480,1694,2634
North,MA_1,01:51,V,nikar(@),r_m,post,2,73,490,1649,2617
North,MA_1,01:52,V,nikar(@),r_a,post,2,51,575,1575,2612
North,MA_1,01:53,V,nikar(@),r_dz,post,2,117,462,1640,2469
North,MA_1,01:54,N,r(@)u,r_u,yes,1,94,583,1551,2254
North,MA_1,01:58,D,ax(@)ndi,x_n,yes,1,124,540,1655,2249
North,MA_1,02:01,V,dz(@)si,dz_s,yes,1,74,522,1591,2930
North,MA_1,02:02,R,aS(@),S_a,yes,1,42,476,2025,2613
North,MA_1,02:02,R,aS(@),S_$,yes,1,85,514,2010,2653
North,MA_1,02:04,N,b(@)rbatsii,b_r,pre,2,61,452,940,2487
North,MA_1,02:05,N,xor(@),r_s,post,2,38,501,1158,2483
North,MA_1,02:07,N,r(@)u,r_u,yes,1,90,599,1626,2378
North,MA_2,00:02,P,n(@),n_l,no,2,52,537,1437,2481
North,MA_2,00:03,N,Skip(@)ria,p_r,pre,2,47,476,1695,2518
North,MA_2,00:08,V,avut(@),t_o,post,2,149,702,1117,2512
North,MA_2,00:16,N,p(@)rintsLe,p_r,pre,2,42,501,1905,2502
North,MA_2,00:17,N,r(@)m@JL,r_m,pre,2,72,705,1909,2264
North,MA_2,00:17,N,r@m(@)JL,m_J,yes,1,157,753,2167,2667
North,MA_2,00:17,R,n(@)poi,n_p,pre,2,100,899,1357,2439
North,MA_2,00:24,V,b(@)ga,b_g,pre,2,34,471,1350,2386
North,MA_2,00:26,N,k(@)ntik,k_n,yes,1,173,773,1928,2406
North,MA_2,00:28,N,k(@)ntik,k_n,yes,1,134,781,1953,2900
North,MA_2,00:31,V,dz(@),dz_a,yes,1,30,589,2064,2874
North,MA_2,00:31,R,aS(@),S_k,yes,1,200,688,2053,2607
North,MA_2,00:31,N,k(@)ntiklu,k_n,yes,1,60,609,2157,2577
North,MA_2,00:36,N,r(@)m@JLi,r_m,pre,2,64,472,2103,2740
North,MA_2,00:36,N,r@m(@)JLi,m_J,yes,1,174,862,2166,2981
North,MA_2,00:42,I,l(@)i,l_i,yes,2,77,581,1934,2867
North,MA_2,00:42,C,k(@),k_t,no,2,100,465,1996,2538
North,MA_2,00:43,V,kaft(@),t_v,post,2,84,557,1598,2797
North,MA_2,00:46,I,l(@)i,l_i,yes,2,41,554,1729,2811
North,MA_2,00:47,C,k(@),k_t,no,2,92,504,1973,2608
North,MA_2,00:47,V,kaft(@),t_dz,post,2,173,589,1716,2674
North,MA_2,00:50,V,ast(@)Le,t_L,pre,2,44,589,2054,2816
North,MA_2,00:50,N,fats(@),ts_$,post,2,68,605,1763,2582
North,MA_2,00:53,I,l(@)i,l_i,yes,2,92,738,1687,2924
North,MA_2,00:56,V,hib(@),b_p,post,2,104,507,1466,2561
North,MA_2,00:56,S,p(@)n@,p_n,yes,1,29,543,1479,2718
North,MA_2,00:56,S,p@n(@),n_s,post,2,46,656,1536,2780
North,MA_2,01:02,N,k(@)JL,k_J,yes,1,225,736,2167,2748
North,MA_2,01:09,V,k(@)tsats,k_ts,pre,2,63,714,1573,2344
North,MA_2,01:11,R,niCeam(@),m_dz,post,2,137,616,1907,2966
North,MA_2,01:12,C,k(@),k_u,no,2,54,504,1395,2768
North,MA_2,01:13,N,dilian(@),n_dz,post,2,120,801,1711,2805
North,MA_2,01:21,N,dilian(@),n_$,post,2,278,846,1971,2411
North,MA_2,01:23,V,aStiresir(@),r_t,no,2,103,566,1913,2577
North,MA_2,01:23,V,al(@)sar@,l_s,pre,2,59,760,1663,3004
North,MA_2,01:24,V,al@sar(@),r_d,post,2,94,677,1492,3314
North,MA_2,01:26,V,al(@)sar@,l_s,pre,2,47,678,1566,2443
North,MA_2,01:26,V,al@sar(@),r_k,post,2,73,717,1984,2413
North,MA_2,01:26,D,k(@)t,k_t,yes,1,105,686,2130,2679
North,MA_2,01:28,R,n(@)poi,n_p,pre,2,98,780,1693,2405
North,MA_2,01:28,P,(@)L,i_L,no,1,34,674,2100,2970
North,MA_2,01:28,V,b(@)gar@,b_g,pre,2,45,657,1217,2460
North,MA_2,01:29,V,b@gar(@),r_h,post,2,42,795,1678,2147
North,MG_1,00:13,N,p(@)rmiT,p_r,pre,2,40,434,1238,2585
North,MG_1,00:19,C,k(@)nd,k_n,yes,1,35,392,1420,2369
North,MG_1,00:24,N,or(@),r_$,post,2,156,574,1469,2569
North,MG_1,00:33,V,mort(@),t_$,post,2,71,681,1567,2532
North,MG_1,00:34,V,al(@)s@,l_s,pre,2,45,566,1391,2623
North,MG_1,00:34,V,al@s(@),s_J,yes,2,79,387,1986,2613
North,MG_1,00:37,A,m(@)ratu,m_r,pre,2,52,626,1218,2524
North,MG_1,00:40,N,dzu(@),u_$,post,2,121,697,1749,2900
North,MG_1,00:43,V,xr(@)sku,r_s,pre,2,28,385,1665,2926
North,MG_1,01:00,T,un(@),n_s,post,2,45,430,1397,2703
North,MG_1,01:00,N,siar(@),r_$,post,2,123,602,1530,2548
North,MG_1,01:02,V,adun(@),n_d,yes,2,145,565,1698,2518
North,MG_1,01:04,N,vatr(@),r_$,post,2,108,508,1521,2394
North,MG_1,01:06,V,dz(@)si,dz_s,yes,1,118,501,1596,2438
North,MG_1,01:10,C,k(@)t,k_t,yes,1,75,384,1773,2501
North,MG_1,01:10,V,p(@)tui,p_t,post,2,98,425,1315,2574
North,MG_1,01:14,V,kr(@)skui,r_s,pre,2,45,427,1475,2461
North,MG_1,01:15,S,p(@)n,p_n,yes,1,49,518,1209,2642
North,MG_1,01:22,V,lukrat(@),t_$,post,2,77,710,1578,2507
North,MG_1,01:26,V,neag(@),g_t,post,2,111,467,1576,2406
North,MG_1,01:30,V,dzs(@),s_f,no,2,41,375,1576,2686
North,MG_1,01:33,R,taCin(@),n_dz,no,2,99,542,1533,2558
North,MG_1,01:34,V,d(@)tsem,d_ts,pre,1,64,391,1560,2585
North,MG_1,01:35,C,k(@),k_k,pre,2,102,385,1745,2424
North,MG_1,01:35,V,fug(@),g_d,post,2,67,386,1524,2513
North,MG_1,01:38,P,s(@),s_s,yes,2,40,369,1577,2613
North,MG_1,01:41,V,bag(@),g_$,post,2,75,515,1718,2445
North,MG_1,01:43,P,alant(@),t_$,post,2,88,685,1623,2522
North,MG_1,01:44,V,dz(@)si,dz_s,yes,1,84,426,1728,2515
North,MG_1,01:44,A,mar(@),r_$,post,2,78,746,1464,2500
North,MG_1,01:50,N,k(@)Stiga,k_S,pre,1,52,653,2067,2695
North,MG_1,01:52,V,ts(@)J,ts_J,yes,1,88,510,1789,2426
North,MG_1,01:53,C,p(@)n@,p_n,yes,1,101,614,1641,2497
North,MG_1,01:53,C,p@n(@),n_s,post,2,44,515,1556,2648
North,MG_1,01:55,R,aS(@),S_f,yes,1,88,528,1633,2383
North,MG_1,01:56,V,fetsir(@),r_$,no,2,68,540,1498,2423
North,MG_1,01:57,V,skular(@),r_d,post,2,75,581,1466,2381
North,MG_1,01:59,V,dz(@)s@,dz_s,yes,1,53,457,1684,2520
North,MG_1,01:59,V,dz@s(@),s_a,post,2,32,591,1254,2485
North,MG_1,02:06,V,dzs(@),s_$,no,2,43,1415,2147,3301
North,MG_1,02:09,V,kisir(@),r_$,post,2,144,521,1500,2510
North,MG_1,02:10,N,p(@)ni,p_n,yes,1,127,553,1777,2522
North,MG_1,02:22,V,jiS(@),S_d,yes,2,76,457,1746,2512
North,MG_1,02:23,N,r(@)u,r_u,yes,1,71,577,1547,2366
North,MG_1,02:27,R,dinap(@)rti,p_r,post,2,27,804,1379,2517
North,MG_1,02:28,N,ar(@)u,r_u,yes,1,63,511,1648,2485
North,MG_1,02:28,T,un(@),n_k,post,2,65,698,1288,2825
North,MG_1,02:29,N,kas(@),s_m,post,2,43,839,1441,2992
North,MG_1,02:29,A,muSat(@),t_$,post,2,65,682,1567,2511
North,MG_1,02:32,N,r(@)u,r_u,yes,1,88,570,1564,2418
North,MG_1,02:34,T,un(@),n_m,post,2,36,437,1151,2489
North,MG_1,02:37,V,t(@)rtsia,t_r,pre,2,53,525,1460,2500
North,MG_1,02:42,T,un(@),n_p,post,2,135,444,1179,2566
North,MG_1,02:45,T,un(@),n_p,post,2,126,392,1297,2462
North,MG_1,02:50,D,aist(@),t_k,post,2,97,463,1715,2573
North,MG_1,02:50,N,kas(@),s_$,post,2,149,522,1652,2650
North,MG_1,02:50,V,b(@)na,b_n,pre,2,71,486,1352,2529
North,MG_1,02:57,P,(@)l,a_l,no,1,49,595,1289,2463
North,MG_1,02:57,V,v(@)dzu,v_dz,pre,2,62,371,1360,2696
North,MG_1,02:58,V,dz(@)si,dz_s,yes,1,110,475,1660,2610
North,MG_1,02:59,N,b(@)rbate,b_r,pre,2,51,444,1126,2660
North,MG_1,03:00,V,dz(@)si,dz_s,yes,1,88,498,1687,2673
North,MG_1,03:05,V,dz(@)si,dz_s,yes,1,52,397,1606,2604
North,MG_1,03:07,V,t(@)rku,t_r,pre,2,64,455,1561,2356
North,MG_1,03:09,V,fug(@),g_t,post,2,88,470,1392,2581
North,MG_1,03:11,V,t(@)rku,t_r,pre,2,65,444,1563,2375
North,MG_1,03:18,N,b(@)rbatu,b_r,pre,2,29,428,1097,2398
North,MG_1,03:20,V,t(@)rtsia,t_r,pre,2,33,383,1643,2536
North,MG_1,03:26,N,Sk(@)mb@,k_m,yes,2,107,547,1952,2600
North,MG_1,03:27,N,Sk@mb(@),b_$,post,2,57,665,1674,2459
North,MG_1,03:28,P,aist(@),t_$,post,2,119,470,1510,2711
North,MG_1,03:31,A,m(@)ratu,m_r,pre,2,37,636,1180,2642
North,MG_1,03:36,D,aist(@),t_m,post,2,31,477,1816,2617
North,MG_1,03:43,V,vinit(@),t_dz,post,2,50,417,1680,2653
North,MG_1,03:47,V,kr(@)skuts,r_s,pre,2,50,390,1520,2620
North,MG_1,03:49,V,dz(@)si,dz_s,yes,1,44,385,1637,2598
North,MG_1,03:52,V,ts(@)ne,ts_n,yes,1,108,692,1651,2420
North,MG_1,03:56,V,dz(@)k,dz_k,yes,1,135,682,1585,2295
North,MG_1,03:57,V,dz(@),dz_n,yes,1,38,406,1542,2514
North,MG_1,03:57,D,v(@)r,v_r,yes,2,49,503,1285,2342
North,MG_1,03:57,D,v(@),v_a,yes,2,50,428,1375,2356
North,MG_1,04:03,N,b(@)rbatu,b_r,pre,2,22,549,1108,2500
North,MG_1,04:05,C,k(@),k_S,pre,2,64,417,1854,2474
North,MG_1,04:06,V,duk(@),k_dz,post,2,101,451,1650,2426
North,MG_1,04:14,R,din(@)poi,n_p,pre,2,88,411,1640,2393
North,MG_1,04:15,V,nesir(@),r_a,no,2,29,585,1492,2292
North,MG_1,04:16,R,akas(@),s_$,post,2,65,896,1702,2992
North,MG_1,04:17,V,st(@)tia,t_t,pre,2,54,627,1837,2853
North,MG_1,04:18,T,n(@),n_D,post,2,87,447,1267,2839
North,MG_1,04:20,A,muSat(@),t_$,post,2,75,507,1540,2596
North,MG_1,04:22,A,aStarat(@),t_$,post,2,60,816,1722,2688
North,MG_1,04:28,V,ts(@)nia,ts_n,pre,1,55,577,1949,2880
North,MG_1,04:42,V,dzs(@),s_$,no,2,60,421,1647,2537
North,MG_1,04:47,R,jam(@),m_k,post,2,112,675,1255,2278
North,MG_1,04:47,R,din(@)poi,n_p,pre,2,76,442,1530,2456
North,MG_1,04:49,V,tur(@),r_k,yes,2,51,542,1556,2309
North,MG_1,04:49,R,din(@)poi,n_p,pre,2,69,714,1842,2869
North,MG_1,04:53,N,k(@)pestur,k_p,pre,2,145,544,1464,2465
North,MG_1,04:53,A,sp(@)ndzurat,p_n,no,1,64,351,1408,2767
North,MG_1,04:55,N,k(@)pestur,k_p,pre,2,85,454,1696,2382
North,MG_1,04:58,N,k(@)pestru,k_p,pre,2,111,489,1558,2362
North,MG_1,04:59,R,k(@)tse,k_ts,pre,2,36,552,1676,2613
North,MG_1,05:00,A,sp(@)ndzurat,p_n,no,1,61,307,1304,2691
North,MG_1,05:03,V,dz(@)s,dz_s,yes,1,36,571,1477,2446
North,MG_1,05:06,V,(@)si,i_s,yes,1,54,409,1802,2578
North,MG_1,05:09,P,aist(@),t_r,post,2,90,704,1700,2847
North,MG_1,05:09,N,ar(@)deri,r_d,pre,1,81,415,1409,2403
North,MG_1,05:12,R,nafor(@),r_t,post,2,101,555,1359,2361
North,MG_1,05:14,V,ieS(@),S_t,yes,2,138,502,1601,2504
North,MG_1,05:18,R,aS(@)tsi,S_ts,yes,1,97,435,1546,2527
North,MG_1,05:22,V,sufl(@),l_$,yes,2,115,638,1672,2447
North,MG_1,05:24,N,Sk(@)mb,k_m,yes,2,136,618,1815,2499
North,MG_1,05:28,P,plin(@),n_$,post,2,257,565,1476,2583
North,MG_1,05:28,N,Sk(@)mbi,k_m,yes,2,109,479,1947,2579
North,MG_1,05:31,V,dz(@)si,dz_s,yes,1,75,422,1583,2630
North,MG_1,05:33,V,loar(@),r_t,post,2,165,580,1322,2427
North,MG_1,05:33,V,viad(@),d_ts,post,2,62,421,1513,2476
North,MG_1,05:35,N,p(@)ne,p_n,yes,1,208,492,1866,2563
North,MG_1,05:41,V,sp(@)ndzurar@,p_n,no,1,45,621,1539,2798
North,MG_1,05:42,V,sp@ndzurar(@),r_$,post,2,88,566,1467,2298
North,MG_1,05:43,N,uS(@),S_$,post,2,31,774,1634,2469
North,MG_1,05:46,V,t(@)rku,t_r,pre,2,30,466,1385,2546
North,MG_1,05:46,T,un(@),n_dz,post,2,83,373,1424,2736
North,MG_1,05:46,N,dzu(@),u_$,post,2,114,456,1309,2615
North,MG_1,05:48,N,dz(@)le,dz_l,yes,1,119,472,1679,2635
North,MG_1,05:49,T,un(@),n_s,post,2,56,529,1588,2639
North,MG_1,05:49,N,st(@)m@n,t_m,pre,2,54,393,1528,2650
North,MG_1,05:49,N,st@m(@)n,m_n,yes,1,80,580,1634,2556
North,MG_1,05:51,N,st(@)m@J,t_m,pre,2,40,352,1606,2792
North,MG_1,05:51,N,st@m(@)J,m_J,yes,1,90,439,1707,2545
North,MG_1,05:55,V,aSt(@)ptea,t_p,pre,2,124,559,1878,2754
North,MG_1,05:57,V,kr(@)sku,r_s,pre,2,26,1309,2496,3437
North,MG_1,06:00,V,auS(@),S_$,post,2,183,541,1730,2513
North,MG_1,06:03,N,x(@)bar,x_b,pre,2,91,454,1258,2409
North,MG_1,06:16,R,akas(@),s_$,post,2,29,786,1618,3044
North,MG_1,06:18,V,dz(@)si,dz_s,yes,1,68,410,1566,2567
North,MG_1,06:22,N,or(@),r_dz,post,2,98,549,1504,2445
North,MG_1,06:25,V,iS(@),S_t,yes,2,158,488,1743,2416
North,MG_1,06:25,N,xor(@),r_ts,post,2,67,430,1649,2455
North,MG_1,06:26,V,iS(@),S_n,yes,2,49,640,1523,2544
North,MG_1,06:26,R,nafor(@),r_$,post,2,54,595,1600,2416
North,MG_1,06:27,V,avdz(@),dz_$,yes,2,125,628,1968,2744
North,MG_1,06:34,V,NJ|ats(@),ts_o,post,2,20,855,1953,3033
North,MG_1,06:42,V,avdz(@),dz_$,yes,2,220,571,1711,2662
North,MG_1,06:43,R,din(@)poi,n_p,pre,2,79,342,1594,2497
North,MG_1,06:45,V,Ng(@)tsat,g_ts,pre,2,42,397,1527,2742
North,MG_1,06:56,A,v(@)rtos,v_r,pre,1,24,496,1084,2190
North,MG_1,06:57,V,dz(@)k,dz_k,yes,1,140,581,1669,2351
North,MG_1,07:03,V,ts(@)n@,ts_n,yes,1,100,566,1725,2498
North,MG_1,07:03,V,ts@n(@),n_m,post,2,72,477,1755,2509
North,MG_1,07:06,C,k(@),k_m,pre,2,39,387,1853,2338
North,MG_1,07:10,N,p(@)ne,p_n,yes,1,120,592,1686,2421
North,MG_1,07:13,N,turt(@),t_$,post,2,145,497,1524,2495
North,MG_1,07:17,N,r(@)u,r_u,yes,1,266,568,1712,2455
North,MG_1,07:20,V,v(@)dzu,v_dz,pre,2,78,472,1719,2838
North,MG_1,07:20,N,r(@)u,r_u,yes,1,81,570,1642,2534
North,MG_1,07:24,P,aist(@),t_$,post,2,39,432,1587,2719
North,MG_1,07:26,V,dz(@)se,dz_s,yes,1,74,448,1648,2450
North,MG_1,07:27,N,b(@)rbate,b_r,pre,2,35,515,1022,2495
North,MG_1,07:28,V,dz(@)s,dz_s,yes,1,51,368,1713,2542
North,MG_1,07:33,V,dz(@)si,dz_s,yes,1,51,351,1508,2630
North,MG_1,07:34,V,t(@)rku,t_r,pre,2,41,444,1515,2219
North,MG_1,07:37,V,fug(@),g_l,post,2,50,433,1427,2319
North,MG_1,07:39,V,t(@)rku,t_r,pre,2,36,754,1822,2847
North,MG_1,07:44,N,Sk(@)mb@,k_m,yes,2,99,516,1737,2390
North,MG_1,07:45,N,Sk@mb(@),b_k,post,2,31,406,1776,2261
North,MG_1,07:53,P,ts(@),ts_dz,pre,2,61,412,1642,2650
North,MG_1,07:53,V,dz(@)k,dz_k,yes,1,193,536,1769,2415
North,MG_1,07:55,P,aist(@),t_$,post,2,177,462,1573,2446
North,MG_1,07:56,N,b(@)rbat,b_r,pre,2,34,607,1363,2464
North,MG_1,07:57,N,b(@)rbat,b_r,pre,2,30,514,964,2601
North,MG_1,07:57,P,t(@)l,t_l,yes,2,91,515,1476,2301
North,MG_1,08:00,D,tut(@),t_d,post,2,57,371,1523,2595
North,MG_1,08:02,D,ais(@),s_D,post,2,131,355,1647,2712
North,MG_1,08:03,D,aist(@),t_f,post,2,55,400,1569,2709
North,MG_1,08:03,R,axt(@)n,t_n,yes,1,63,451,1536,2536
North,MG_1,08:04,P,(@)L,i_L,pre,1,135,358,2204,2603
North,MG_1,08:08,V,dz(@)si,dz_s,yes,1,79,345,1721,2564
North,MG_1,08:15,N,b(@)rbat,b_r,pre,2,29,466,1286,2334
North,MG_1,08:17,V,ak(@)tsaS,k_ts,pre,2,51,436,1388,2526
North,MG_1,08:18,V,t(@)iaS,t_i,pre,2,110,333,1980,2647
North,MG_1,08:22,N,b(@)rbat,b_r,pre,2,30,535,1265,2163
North,MG_1,08:24,N,p(@)ndeka,p_n,yes,1,226,584,1706,2450
North,MG_1,08:26,N,iepr(@),r_$,post,2,99,584,1539,2375
North,MG_1,08:27,N,iepr(@),r_d,post,2,123,469,1456,2335
North,MG_1,08:27,N,p(@)ndk,p_n,yes,1,174,490,1721,2576
North,MG_1,08:28,V,dz(@)si,dz_s,yes,1,93,374,1655,2664
North,MG_1,08:31,N,p(@)ndka,p_n,yes,1,109,545,1722,2412
North,MG_1,08:32,N,iepr(@),r_e,post,2,47,444,1426,2553
North,MG_1,08:32,N,p(@)lumbu,p_l,pre,2,35,476,1207,2412
North,MG_1,08:34,N,p(@)lumbu,p_l,pre,2,28,607,1283,2783
North,MG_1,08:35,N,b(@)rbat,b_r,pre,2,27,491,1026,2677
North,MG_1,08:38,N,p(@)ndka,p_n,yes,1,94,522,1699,2417
North,MG_1,08:39,N,p(@)lumbu,p_l,pre,2,47,518,1038,2577
North,MG_1,08:40,V,s(@)n,s_n,yes,2,76,571,1457,2566
North,MG_1,08:44,V,akats(@),ts_s,post,2,33,476,1519,2753
North,MG_1,08:44,A,st(@)rmit,t_r,pre,1,47,449,1549,2535
North,MG_1,08:49,N,b(@)rbat,b_r,pre,2,32,563,1219,2587
North,MG_1,08:50,P,t(@)l,t_l,yes,2,57,476,1673,2483
North,MG_1,08:52,V,m(@)k@,m_k,yes,1,116,621,1754,2559
North,MG_1,08:53,V,m@k(@),k_v,post,2,44,490,1745,2412
North,MG_1,08:53,P,v(@)r,v_r,yes,2,87,605,1580,2409
North,MG_1,08:53,N,b(@)rbat,b_r,pre,2,48,750,1332,2564
North,MG_1,08:53,P,t(@)l,t_l,yes,2,54,513,1500,2484
North,MG_1,08:58,V,t(@)rku,t_r,pre,2,26,480,1642,2746
North,MG_1,08:59,N,uS(@),S_$,post,2,141,448,1709,2517
North,MG_1,08:59,C,k(@),k_s,no,2,72,427,1528,2623
North,MG_1,09:01,V,v(@)dzu,v_dz,pre,2,45,1427,2715,3349
North,MG_1,09:01,N,Sk(@)mb,k_m,yes,2,105,771,2050,2714
North,MG_1,09:03,V,v(@)dzu,v_dz,pre,2,39,257,1357,2975
North,MG_1,09:03,N,Sk(@)mbi,k_m,yes,2,114,454,1844,2642
North,MG_1,09:05,T,un(@),n_S,post,2,43,353,1631,2626
North,MG_1,09:05,N,Sk(@)mb@,k_m,yes,2,116,486,1837,2520
North,MG_1,09:05,N,Sk@mb(@),b_$,post,2,76,474,1668,2611
North,MG_1,09:05,D,st(@),t_S,pre,2,101,686,1987,2912
North,MG_1,09:06,N,Sk(@)mb,k_m,yes,2,92,495,1835,2567
North,MG_1,09:07,A,sp(@)ndzuratu,p_n,no,1,56,358,1276,2909
North,MG_1,09:08,V,k(@)n@sku,k_n,no,2,41,371,1166,2841
North,MG_1,09:08,V,k@n(@)sku,n_s,pre,2,33,483,1380,2765
North,MG_1,09:11,C,k(@),k_e,pre,2,63,364,2062,2730
North,MG_1,09:14,V,b(@)ga,b_g,pre,2,48,434,1195,2612
North,MG_1,09:14,R,ndzian(@),n_$,post,2,129,489,1616,2533
North,MG_1,09:15,N,plesk(@),k_a,post,2,32,477,1624,2388
North,MG_1,09:17,N,pliaSk(@),k_$,post,2,59,712,1704,2519
North,MG_1,09:20,N,Sk(@)mb@,k_m,yes,2,83,476,2027,2638
North,MG_1,09:21,N,Sk@mb(@),b_$,post,2,52,644,1533,2504
North,MG_1,09:22,V,ib(@),b_f,post,2,39,520,1364,2514
North,MG_1,09:27,V,tur(@),r_f,yes,2,120,616,1566,2375
North,MG_1,09:33,N,xor(@),r_$,post,2,182,606,1500,2368
North,MG_1,09:36,T,n(@),n_k,post,2,84,477,1358,2403
North,MG_1,09:36,N,k(@)p,k_p,yes,2,103,461,1887,2506
North,MG_1,09:38,V,k(@)fta,k_f,pre,2,31,699,1169,2597
North,MG_1,09:40,V,avdz(@),dz_m,yes,2,103,466,1640,2555
North,MG_1,09:42,C,k(@),k_$,yes,2,157,480,1817,2495
North,MG_1,09:49,R,akas(@),s_l,post,2,52,506,1184,2575
North,MG_1,09:51,V,m(@)k@,m_k,pre,1,52,496,1269,2653
North,MG_1,09:52,V,m@k(@),k_b,yes,2,237,528,1746,2433
North,MG_1,09:54,V,ts(@)n,ts_n,yes,1,53,469,1680,2548
North,MG_1,09:57,N,k(@)pr@,k_p,yes,2,134,583,1625,2268
North,MG_1,09:57,N,k@pr(@),r_dz,post,2,33,532,1370,2519
North,MG_1,09:59,T,un(@),n_a,post,2,30,505,1299,2475
North,MG_1,10:02,N,p(@)dura,p_d,pre,2,100,417,1269,2690
North,MG_1,10:03,A,lai(@),i_n,post,2,47,651,1501,2482
North,MG_1,10:03,R,ndzian(@),n_dz,post,2,76,486,1571,2560
North,MG_1,10:05,N,p(@)Sun@,p_S,pre,2,40,366,1632,2273
North,MG_1,10:06,N,p@Sun(@),n_b,post,2,113,359,1509,2375
North,MG_1,10:06,A,bun(@),n_dz,post,2,104,501,1398,2481
North,MG_1,10:08,C,k(@),k_a,no,2,30,441,1685,2566
North,MG_1,10:10,V,m(@)k@,m_k,yes,1,75,498,1855,2420
North,MG_1,10:11,V,m@k(@),k_t,post,2,135,426,1734,2393
North,MG_1,10:12,N,k(@)pr@,k_p,yes,2,109,593,1683,2368
North,MG_1,10:12,N,k@pr(@),r_dz,post,2,54,558,1532,2582
North,MG_1,10:17,D,alant(@),t_dz,post,2,90,453,1345,2720
North,MG_1,10:18,N,dzu(@),u_$,post,2,111,489,1245,2667
North,MG_1,10:18,V,cisir(@),r_$,post,2,114,503,1509,2411
North,MG_1,10:21,T,un(@),n_s,post,2,63,383,1598,2662
North,MG_1,10:21,N,st(@)m@n@,t_m,pre,2,57,439,1614,2590
North,MG_1,10:22,N,st@m(@)n@,m_n,yes,1,121,607,1799,2684
North,MG_1,10:22,N,st@m@n(@),n_$,post,2,113,553,1717,2660
North,MG_1,10:23,N,k(@)pr@,k_p,yes,2,95,534,1862,2561
North,MG_1,10:23,N,k@pr(@),r_a,post,2,26,675,1420,2225
North,MG_1,10:30,N,dz(@)li,dz_l,yes,1,89,435,1867,2592
North,MG_1,10:34,S,k(@)t@,k_t,yes,2,50,1149,2135,3168
North,MG_1,10:34,S,k@t(@),t_p,post,2,65,498,1692,2566
North,MG_1,10:34,N,p(@)duria,p_d,pre,2,56,396,1407,2617
North,MG_1,10:35,C,k(@)n,k_n,yes,1,29,592,1364,2444
North,MG_1,10:35,V,v(@)dzu,v_dz,pre,2,59,446,1287,2758
North,MG_1,10:37,V,dz(@)si,dz_s,yes,1,99,564,1691,2803
North,MG_1,10:41,D,alant(@),t_dz,post,2,67,396,1396,2671
North,MG_1,10:41,N,dzu(@),u_ts,post,2,33,371,1404,2787
North,MG_1,10:44,N,k(@)pr@,k_p,yes,2,112,561,1676,2463
North,MG_1,10:44,N,k@pr(@),r_S,post,2,51,632,1570,2320
North,MG_1,10:45,N,p(@)dura,p_d,pre,2,86,571,1650,2889
North,MG_1,10:48,T,un(@),n_$,post,2,110,581,1202,2521
North,MG_1,10:49,A,muSat(@),t_$,post,2,75,800,1652,2507
North,MG_1,10:55,P,un(@),n_v,post,2,34,414,1449,2402
North,MG_1,11:00,N,p(@)dura,p_d,pre,2,93,414,1285,2547
North,MG_1,11:04,C,k(@),k_i,yes,2,37,418,1871,2413
North,MG_1,11:10,M,doi(@),i_dz,post,2,96,486,1680,2451
North,MG_1,11:16,V,m(@)k,m_k,yes,1,68,547,1669,2032
North,MG_1,11:17,N,k(@)pr@,k_p,yes,2,108,575,1570,2289
North,MG_1,11:18,N,k@pr(@),r_dz,post,2,75,639,1530,2440
North,MG_1,11:20,V,b(@)tur@,b_t,pre,2,69,526,1373,2894
North,MG_1,11:20,V,b@tur(@),r_d,post,2,78,421,1232,2511
North,MG_1,11:21,M,doi(@),i_$,post,2,43,519,1604,2267
North,MG_1,11:29,V,avdz(@),dz_p,yes,2,170,534,1579,2405
North,MG_1,11:34,V,dus(@),s_k,post,2,41,378,1779,2737
North,MG_1,11:34,N,k(@)pr,k_p,yes,2,136,541,1624,2398
North,MG_1,11:36,V,skul(@),l_S,yes,2,83,452,1596,2446
North,MG_1,11:42,C,k(@)nd,k_n,yes,1,69,493,1649,2376
North,MG_1,11:42,V,k(@)dia,k_d,pre,2,53,390,1664,2444
North,MG_1,11:43,V,x(@)rsia,x_r,pre,2,43,392,1703,2373
North,MG_1,11:44,V,k(@)dia,k_d,pre,2,36,394,1644,2364
North,MG_1,11:46,V,dz(@)si,dz_s,yes,1,39,432,1638,2516
North,MG_1,11:50,D,Cam(@),m_dz,post,2,93,442,1355,2441
North,MG_1,11:50,V,dz(@)si,dz_s,yes,1,41,372,1620,2559
North,MG_1,11:55,N,or(@),r_dz,post,2,124,780,1458,2622
North,MG_1,11:59,N,turt(@),t_k,post,2,38,384,1474,2457
North,MG_1,12:01,V,dz(@)si,dz_s,yes,1,96,446,1746,2567
North,MG_1,12:02,V,b(@)gam,b_g,pre,2,39,350,1259,2607
North,MG_1,12:03,N,or(@),r_dz,post,2,66,666,1451,2517
North,MG_1,12:04,V,avdz(@),dz_p,yes,2,136,533,1517,2626
North,MG_1,12:07,N,moS(@),S_dz,post,2,165,421,1723,2601
North,MG_1,12:08,C,k(@),k_n,pre,2,98,471,1380,2619
North,MG_1,12:09,R,ntror(@),r_dz,post,2,71,511,1489,2743
North,MG_1,12:11,N,ap(@),p_dz,post,2,80,392,1454,2671
North,MG_1,12:12,C,k(@),k_v,pre,2,42,413,1355,2437
North,MG_1,12:14,V,p(@)tse,p_ts,pre,2,27,426,1354,2733
North,MG_1,12:18,V,m(@)k@,m_k,pre,1,67,535,1457,2642
North,MG_1,12:18,V,m@k(@),k_t,yes,2,164,526,1795,2602
North,MG_1,12:20,N,ap(@),p_a,post,2,20,687,1169,2320
North,MG_1,12:23,V,ak(@)ts@,k_ts,pre,2,31,414,1474,2600
North,MG_1,12:24,V,ak@ts(@),ts_p,yes,2,143,548,1568,2491
North,MG_1,12:24,V,bg(@),g_d,yes,2,94,434,1603,2485
North,MG_1,12:27,V,disik(@),k_p,yes,2,110,462,1850,2535
North,MG_1,12:27,N,p(@)ndika,p_n,yes,1,83,627,1628,2465
North,MG_1,12:33,V,dz(@)sum,dz_s,yes,1,109,528,1563,2474
North,MG_1,12:36,N,iepur(@),r_d,no,2,69,472,1305,2347
North,MG_1,12:36,N,p(@)ndik@,p_n,yes,1,98,617,1550,2596
North,MG_1,12:37,N,p@ndik(@),k_$,no,2,91,481,1709,2464
North,MG_1,12:38,V,disik(@),k_p,yes,2,117,412,1878,2424
North,MG_1,12:38,N,p(@)ndka,p_n,yes,1,75,560,1613,2380
North,MG_1,12:42,N,b(@)rbatu,b_r,pre,2,33,625,1348,2605
North,MG_1,12:44,V,disik(@),k_p,yes,2,143,480,1761,2361
North,MG_1,12:44,N,p(@)ndka,p_n,yes,1,79,574,1592,2488
North,MG_1,12:45,N,p(@)lumbu,p_l,pre,2,30,534,1209,2760
North,MG_1,12:50,N,p(@)ndk,p_n,yes,1,126,548,1734,2415
North,MG_1,12:50,N,p(@)lumbu,p_l,pre,2,34,533,1059,2601
North,MG_1,12:51,N,ou(@),u_$,no,2,101,676,1447,2564
North,MG_1,12:52,V,k(@)ts@,k_ts,pre,2,25,676,1488,2701
North,MG_1,12:52,V,k@ts(@),ts_S,yes,2,50,441,1678,2509
North,MG_1,12:52,A,St(@)rmitu,t_r,pre,1,24,437,1398,2517
North,MG_1,12:56,V,dz(@)si,dz_s,yes,1,93,440,1682,2486
North,MG_1,13:00,V,p(@)tsat@,p_ts,pre,2,37,510,1242,2631
North,MG_1,13:00,V,p@tsat(@),t_k,post,2,67,544,1452,2455
North,MG_1,13:05,A,mbar(@),r_i,post,2,34,605,1502,2385
North,MG_1,13:07,V,iNJ|adz(@),dz_f,post,2,51,516,1479,2699
North,MG_1,13:10,S,k(@)t@,k_t,yes,2,38,411,1589,2326
North,MG_1,13:10,S,k@t(@),t_n,post,2,52,394,1592,2336
North,MG_1,13:13,A,m(@)ratu,m_r,pre,2,30,673,1310,2510
North,MG_1,13:16,N,p(@)ni,p_n,yes,1,107,538,1741,2454
North,MG_1,13:17,A,arumn(@),n_$,post,2,140,708,1425,2516
North,MG_1,13:22,N,r(@)u,r_u,yes,1,204,584,1693,2399
North,MG_1,13:27,N,b(@)rbate,b_r,pre,2,35,498,1129,2516
North,MG_1,13:29,V,dz(@)s,dz_s,yes,1,94,453,1602,2540
North,MG_1,13:33,V,jin(@),n_dz,post,2,120,542,1444,2691
North,MG_1,13:33,V,dz(@)si,dz_s,yes,1,72,449,1421,2677
North,MG_1,13:34,V,askap(@),p_m,post,2,52,490,1416,2419
North,MG_1,13:35,C,k(@),k_s,pre,2,47,470,1628,2445
North,MG_1,13:42,N,r(@)u,r_u,yes,1,95,502,1620,2294
North,MG_1,13:45,R,akas(@),s_l,post,2,28,619,1470,2663
North,MG_1,13:45,N,b(@)rbat,b_r,pre,2,30,545,1362,2198
North,MG_1,13:46,R,akas(@),s_l,post,2,22,620,1377,2516
North,MG_1,13:55,N,tSorg(@),g_$,post,2,184,527,1639,2353
North,MG_1,13:59,V,dz(@)si,dz_s,yes,1,72,379,1684,2526
North,MG_1,14:03,Q,s(@),s_s,pre,2,35,351,1409,2926
North,MG_1,14:06,V,vindek(@),k_m,no,2,49,398,1612,2442
North,MG_1,14:09,N,tSorg(@),g_$,post,2,77,523,1517,2332
North,MG_1,14:15,N,uS(@),S_dz,post,2,70,414,1548,2670
North,MG_1,14:16,A,Ng(@)ts@t,g_ts,pre,2,45,407,1492,2580
North,MG_1,14:16,A,Ng@ts(@)t,ts_t,yes,1,96,488,1643,2491
North,MG_1,14:16,N,Sk(@)mb@,k_m,yes,2,101,514,1809,2464
North,MG_1,14:17,N,Sk@mb(@),b_dz,post,2,57,574,1563,2607
North,MG_1,14:18,V,iNJ|adz(@),dz_f,post,2,160,480,1556,2501
North,MG_1,14:23,V,dz(@)si,dz_s,yes,1,50,384,1525,2619
North,MG_1,14:25,V,sufl(@),l_f,yes,2,161,588,1427,2413
North,MG_1,14:27,V,iNJ|(@),J|_f,yes,2,134,567,1609,2484
North,MG_1,14:29,V,dz(@)s,dz_s,yes,1,134,420,1734,2374
North,MG_1,14:30,V,b(@)Sar@,b_S,pre,2,45,439,1532,2576
North,MG_1,14:30,V,b@Sar(@),r_d,post,2,111,657,1363,2457
North,MG_1,14:32,N,k(@)ne,k_n,yes,1,167,552,1831,2532
North,MG_1,14:32,V,dz(@)si,dz_s,yes,1,74,421,1564,2451
North,MG_1,14:35,V,fr(@)msir@,r_m,yes,1,66,546,1521,2291
North,MG_1,14:35,V,fr@msir(@),r_$,no,2,92,609,1610,2560
North,MG_1,14:37,V,b(@)g@,b_g,pre,2,61,653,1595,2555
North,MG_1,14:37,V,b@g(@),g_z,yes,2,100,396,1850,2578
North,MG_1,14:39,V,bag(@),g_z,post,2,98,484,1673,2650
North,MG_1,14:40,V,dz(@)si,dz_s,yes,1,54,395,1547,2765
North,MG_1,14:41,V,bag(@),g_z,post,2,85,358,1789,2612
North,MG_1,14:43,R,nafo(@),o_dz,post,2,78,503,1377,2482
North,MG_1,14:44,V,s(@)nt,s_n,yes,2,64,465,1468,2487
North,MG_1,14:44,N,Sk(@)mb@,k_m,yes,2,103,498,1858,2531
North,MG_1,14:44,N,Sk@mb(@),b_t,post,2,114,523,1708,2528
North,MG_1,14:45,V,aStiapt(@),t_p,post,2,83,501,1468,2466
North,MG_1,14:46,N,prints(@),ts_a,post,1,27,493,1636,2529
North,MG_1,14:46,R,akas(@),s_dz,post,2,74,613,1595,2656
North,MG_1,14:48,V,l(@)sar@,l_s,pre,2,35,576,1334,2640
North,MG_1,14:48,V,l@sar(@),r_m,post,2,55,626,1292,2549
North,MG_1,14:53,R,akas(@),s_$,post,2,68,728,1583,2486
North,MG_1,14:54,V,b(@)nar@,b_n,pre,2,44,544,1358,2452
North,MG_1,14:54,V,b@nar(@),r_$,post,2,149,630,1469,2514
North,MG_1,14:55,V,x(@)rsir@,x_r,pre,2,43,403,1521,2609
North,MG_1,14:55,V,x@rsir(@),r_$,post,2,106,488,1640,2471
North,MS_1,00:13,A,gol(@),l_n,post,2,108,563,1615,2517
North,MS_1,00:14,N,r(@)m@J,r_m,pre,2,51,513,1360,2256
North,MS_1,00:15,N,r@m(@)J,m_J,yes,1,132,654,1903,2660
North,MS_1,00:18,V,apres(@),s_d,post,2,96,421,1876,3002
North,MS_1,00:18,N,r(@)m@J,r_m,pre,2,51,473,1534,2469
North,MS_1,00:18,N,r@m(@)J,m_J,yes,1,52,628,1871,2575
North,MS_1,00:20,V,arm(@)s@,m_s,yes,2,82,533,1833,2552
North,MS_1,00:20,V,arm@s(@),s_d,post,2,96,309,1557,2697
North,MS_1,00:21,N,r(@)m@J,r_m,pre,2,50,469,1699,2112
North,MS_1,00:21,N,r@m(@)J,m_J,yes,1,81,687,1886,2684
North,MS_1,00:31,T,un(@),n_v,post,2,76,576,1398,2221
North,MS_1,00:31,N,vark(@),k_dz,post,2,54,513,1702,2377
North,MS_1,00:32,V,dz(@)si,dz_s,yes,1,98,343,1884,3140
North,MS_1,00:33,D,ai(@)nti,i_n,yes,1,36,530,2033,2313
North,MS_1,00:34,D,ai(@)nti,i_n,yes,1,65,530,1920,2601
North,MS_1,00:36,V,s(@)n,s_n,yes,2,178,540,1918,2819
North,MS_1,00:37,V,s(@)nt,s_n,yes,2,128,646,1917,2812
North,MS_1,00:37,V,dz(@)si,dz_s,yes,1,37,321,1525,2961
North,MS_1,00:38,P,k(@)ti,k_t,yes,2,64,343,2045,2594
North,MS_1,00:38,T,un(@),n_tS,post,2,80,394,2073,2900
North,MS_1,00:39,N,tSift(@),t_$,post,2,95,592,1886,2652
North,MS_1,00:41,T,un(@),n_k,post,2,108,481,1506,2452
North,MS_1,00:41,N,kapr(@),r_$,post,2,123,633,1802,2337
North,MS_1,00:44,N,iap(@),p_$,post,2,190,547,1765,2430
North,MS_1,00:46,V,s(@)n,s_n,yes,2,65,604,1821,2416
North,MS_1,00:52,P,aist(@),t_$,post,2,131,579,1652,2594
North,MS_1,00:53,C,k(@),k_u,no,2,15,460,1756,2828
North,MS_1,00:59,N,sk(@)ndur,k_n,yes,1,168,622,1809,2353
North,MS_1,00:59,C,k(@),k_i,pre,2,50,512,1756,2087
North,MS_1,01:02,V,d(@)tsem,d_ts,pre,1,96,406,1587,2745
North,MS_1,01:05,C,k(@)ndu,k_n,yes,1,73,556,1777,2199
North,MS_1,01:12,N,dz(@)li,dz_l,yes,1,156,680,2028,2680
North,MS_1,01:14,N,dz(@)li,dz_l,yes,1,69,540,2064,2709
North,MS_1,01:15,N,m(@)kari,m_k,pre,1,75,630,1460,2485
North,MS_1,01:22,C,k(@)nd,k_n,yes,1,60,622,1915,2461
North,MS_1,01:25,N,t(@)poxli,t_p,pre,2,123,445,1590,2344
North,MS_1,01:28,S,k(@)ti,k_t,yes,2,75,438,2008,2626
North,MS_1,01:28,P,n(@)s,n_s,yes,2,134,585,1886,2626
North,MS_1,01:35,V,iS(@),S_t,yes,2,228,650,1803,2738
North,MS_1,01:36,V,b(@)g@,b_g,pre,2,65,486,1584,2131
North,MS_1,01:36,V,b@g(@),g_d,yes,2,118,508,1952,2365
North,MS_1,01:39,D,tut(@),t_$,post,2,192,615,1541,2589
North,MS_1,01:42,V,dz(@)s@,dz_s,yes,1,111,583,1830,2780
North,MS_1,01:42,V,dz@s(@),s_i,post,2,39,394,1919,3153
North,MS_1,01:49,V,kis(@),s_$,post,2,193,572,1717,2614
North,MS_1,01:50,V,st(@)tu,t_t,pre,2,202,495,1518,2937
North,MS_1,01:51,M,treidz(@)tsiSapti,dz_ts,no,2,128,431,2082,2531
North,MS_1,01:52,N,dz(@)li,dz_l,yes,1,97,559,2036,2656
North,MS_1,01:53,M,treidz(@)tsiSapti,dz_ts,no,2,101,323,2039,3094
North,MS_1,01:57,P,(@)j,m_j,pre,1,36,419,1989,3235
North,MS_1,01:57,V,dz(@)k,dz_k,yes,1,79,489,1806,2430
North,MS_1,01:58,V,dz(@)ku,dz_k,yes,1,141,552,1695,2353
North,MS_1,02:02,V,tur(@),r_$,yes,2,192,677,1909,2480
North,MS_1,02:07,N,p(@)lumbu,p_l,pre,2,62,524,1234,2762
North,MS_1,02:08,M,patrudz(@)ts,dz_ts,yes,2,123,550,1842,2884
North,MS_1,02:09,V,tux(@),x_p,yes,2,149,601,1884,2668
North,MS_1,02:09,N,p(@)lumbu,p_l,pre,2,41,445,1262,2412
North,MS_1,02:10,N,fr(@)ndz@,r_n,yes,1,141,646,2015,2337
North,MS_1,02:10,N,fr@ndz(@),dz_d,post,1,110,429,1844,2944
North,MS_1,02:15,N,p(@)lumbu,p_l,pre,2,30,566,1321,2397
North,MS_1,02:15,V,v(@)dzuS,v_dz,pre,2,61,424,1492,2419
North,MS_1,02:18,V,m(@)k@,m_k,yes,1,134,603,1982,2615
North,MS_1,02:18,V,m@k(@),k_k,post,2,99,484,2254,2521
North,MS_1,02:18,N,k(@)rm@,k_r,yes,2,187,618,1820,2356
North,MS_1,02:18,N,k@rm(@),m_k,post,2,78,602,1749,2334
North,MS_1,02:18,C,k(@),k_j,pre,2,72,533,2020,2380
North,MS_1,02:19,N,k(@)rmi,k_r,yes,2,103,486,2036,2401
North,MS_1,02:20,P,(@)j,a_j,pre,1,66,467,1791,2157
North,MS_1,02:20,V,dz(@)si,dz_s,yes,1,44,501,1776,2817
North,MS_1,02:21,N,p(@)lumb,p_l,pre,2,47,478,1042,2212
North,MS_1,02:22,N,p(@)lumbu,p_l,pre,2,64,472,1006,2917
North,MS_1,02:22,V,biniadz(@),dz_k,post,2,94,463,1675,2551
North,MS_1,02:27,V,fak(@),k_$,post,2,84,400,1678,2355
North,MS_1,02:29,V,s(@)n,s_n,yes,2,73,549,1804,2832
North,MS_1,02:29,V,ar(@)m@n@,r_m,pre,2,68,418,1522,2449
North,MS_1,02:30,V,ar@m(@)n@,m_n,yes,1,125,562,1888,2494
North,MS_1,02:30,V,ar@m@n(@),n_$,post,2,59,558,1763,2655
North,MS_1,02:34,C,k(@)nd,k_n,yes,1,49,563,1833,2424
North,MS_1,02:35,V,iS(@),S_p,yes,2,138,615,1790,2646
North,MS_1,02:36,V,b(@)g@,b_g,pre,2,85,432,1715,2144
North,MS_1,02:36,V,b@g(@),g_a,yes,2,75,520,1993,2414
North,MS_1,02:37,N,k(@)lamea,k_l,pre,2,42,562,1413,2276
North,MS_1,02:38,R,aS(@),S_v,yes,1,198,568,1620,2336
North,MS_1,02:38,V,v(@)dzu,v_dz,pre,2,59,510,1311,2320
North,MS_1,02:40,N,k(@)rfusu,k_r,pre,2,47,600,1393,2258
North,MS_1,02:42,D,tut(@),t_n,post,2,75,492,1373,2241
North,MS_1,02:46,V,afl(@),l_$,yes,2,260,657,1898,2557
North,MS_1,02:51,N,dumnidz(@)lu,dz_l,yes,2,117,613,1768,2735
North,MS_1,02:53,V,dz(@)s@,dz_s,yes,1,115,561,1714,2543
North,MS_1,02:53,V,dz@s(@),s_t,post,2,66,509,1653,2858
North,MS_1,02:54,V,d(@)di,d_d,yes,2,87,547,1866,2780
North,MS_1,02:55,N,traves(@),s_i,post,2,102,502,1721,2842
North,MS_1,02:57,V,s(@)nt,s_n,yes,2,108,566,1745,2928
North,MS_1,03:01,R,r(@)m@neSti,r_m,no,2,39,444,1671,2406
North,MS_1,03:01,R,r@m(@)neSti,m_n,pre,1,45,427,2259,3154
North,MS_1,03:02,V,dz(@)si,dz_s,yes,1,63,561,1660,2620
North,MS_1,03:04,R,aS(@),S_a,yes,1,46,421,1993,2455
North,MS_1,03:04,R,aS(@),S_$,yes,1,73,432,2080,2526
North,MS_1,03:05,V,dz(@)si,dz_s,yes,1,35,371,2064,2950
North,MS_1,03:17,N,dumnidz(@),dz_ts,yes,2,176,546,1789,2705
North,MS_1,03:17,R,aS(@),S_dz,yes,1,251,557,2043,2438
North,MS_1,03:19,P,(@)j,a_j,pre,1,80,450,1945,2334
North,MS_1,03:22,C,k(@),k_e,pre,2,42,433,2042,2349
North,MS_1,03:31,D,alt(@),t_ts,post,2,38,466,1621,2878
North,MS_1,03:34,P,k(@),k_l,no,2,50,553,1566,2359
North,MS_1,03:35,V,ak(@)ts@,k_ts,pre,2,47,544,1752,2275
North,MS_1,03:35,V,ak@ts(@),ts_x,yes,2,110,576,1787,2444
North,MS_1,03:40,C,k(@),k_l,no,2,41,482,1649,2325
North,MS_1,03:40,V,ak(@)ts@,k_ts,pre,2,67,460,1638,3155
North,MS_1,03:40,V,ak@ts(@),ts_x,yes,2,108,591,1654,2311
North,MS_1,03:44,V,b(@)g@,b_g,pre,2,66,439,1683,2035
North,MS_1,03:45,V,b@g(@),g_m,yes,2,101,563,1711,2317
North,MS_1,03:46,V,bg(@),g_t,yes,2,74,498,1807,2435
North,MS_1,03:46,S,t(@),t_k,pre,2,72,465,1838,2541
North,MS_1,03:47,N,kund(@)rte,d_r,post,2,41,520,1519,2588
North,MS_1,03:47,S,k(@)t,k_t,yes,2,53,411,1818,2442
North,MS_1,03:49,P,(@)l,i_l,pre,1,45,617,1359,2239
North,MS_1,03:51,R,aS(@),S_@,yes,1,69,653,1935,2770
North,MS_1,03:51,P,(@)j,@_j,pre,1,30,695,1961,3009
North,MS_1,03:54,R,k(@)tse,k_ts,pre,2,126,434,2032,2582
North,MS_1,03:55,V,al(@)sat@,l_s,pre,2,44,538,1208,2879
North,MS_1,03:55,V,al@sat(@),t_t,post,2,169,456,1518,2795
North,MS_1,03:57,N,s(@)ndz@li,s_n,yes,1,107,582,1706,2595
North,MS_1,03:58,N,s@ndz(@)li,dz_l,post,1,35,456,1794,2723
North,MS_1,03:58,P,t(@)l,t_l,yes,2,66,583,1804,2658
North,MS_1,03:59,C,k(@),k_u,no,2,23,572,1349,2734
North,MS_1,04:01,A,s(@)kats,s_k,pre,2,93,516,1915,2329
North,MS_1,04:02,C,k(@),k_t,yes,2,185,524,1825,2369
North,MS_1,04:05,V,al(@)s@,l_s,pre,2,50,513,1504,2368
North,MS_1,04:05,V,al@s(@),s_a,yes,2,36,539,1757,2531
North,MS_1,04:08,N,s(@)ndzi,s_n,yes,1,136,581,1815,2741
North,MS_1,04:09,V,dz(@)si,dz_s,yes,1,30,337,1940,3188
North,MS_1,04:10,V,fak(@),k_k,post,2,90,491,1658,2496
North,MS_1,04:14,N,bot(@),t_t,post,2,102,490,1390,2665
North,MS_1,04:15,C,k(@),k_S,pre,2,36,423,1926,2315
North,MS_1,04:16,C,k(@),k_l,pre,2,35,578,1501,2367
North,MS_1,04:17,V,loaR(@),R_n,post,2,42,371,1374,2655
North,MS_1,04:21,V,leag(@),g_b,post,2,63,475,1492,2370
North,MS_1,04:21,D,tut(@),t_$,post,2,131,499,1662,2414
North,MS_1,04:25,R,aS(@),S_ts,yes,1,156,569,1837,2452
North,MS_1,04:25,V,s(@)ntu,s_n,yes,2,121,561,1682,2650
North,MS_1,04:28,T,n(@),n_b,pre,2,133,503,1499,2486
North,MS_1,04:29,V,liag(@),g_$,post,2,94,520,1875,2181
North,MS_1,04:32,N,x(@),x_$,pre,2,130,498,1754,2306
North,MS_1,04:33,N,x(@)v@,x_v,pre,2,68,539,1737,2326
North,MS_1,04:33,N,x@v(@),v_$,yes,2,231,648,1888,2588
North,MS_1,04:34,P,ai(@)nti,i_n,yes,1,156,651,2167,2631
North,MS_1,04:35,C,k(@),k_i,pre,2,65,407,2112,2313
North,MS_1,04:37,A,m(@)kat,m_k,pre,1,116,703,1438,2528
North,MS_1,04:41,V,ak(@)tsat@,k_ts,pre,2,74,557,1694,2346
North,MS_1,04:41,V,ak@tsat(@),t_d,post,2,145,397,1693,2935
North,MS_1,04:42,N,r(@)m@J,r_m,pre,2,75,535,1720,2445
North,MS_1,04:42,N,r@m(@)J,m_J,yes,1,107,651,1973,2382
North,MS_1,04:46,P,ai(@)n,i_n,yes,1,95,751,2048,2752
